track,safety_car,position,tyre,tyre_degradation,gap1,gap2,gap3,last_lap_time,action,reward,next_track,next_safety_car,next_position,next_tyre,next_tyre_degradation,next_gap1,next_gap2,next_gap3,next_last_lap_time,done
0.0,0.0,2.0,2.0,1.0,0.8440942946879157,0.3364014671698411,0.32983660611135923,1.3269647517833776,3,1,0.0,0.0,2.0,2.0,1.0,0.8440942946879157,0.3364014671698411,0.32983660611135923,1.3269647517833776,0
0.0,0.0,2.0,0.0,0.0,0.8440942946879157,0.3364014671698411,0.32983660611135923,1.3269647517833776,1,1,0.0,0.0,2.0,0.0,0.0,0.8440942946879157,0.3364014671698411,0.32983660611135923,1.3269647517833776,0
0.0,0.0,2.0,2.0,1.0,0.8440942946879157,0.3364014671698411,0.32983660611135923,1.3269647517833776,3,1,0.0,0.0,2.0,2.0,1.0,0.8440942946879157,0.3364014671698411,0.32983660611135923,1.3269647517833776,0
0.0,0.0,2.0,2.0,1.0,0.8440942946879157,0.3364014671698411,0.32983660611135923,1.3269647517833776,0,1,0.0,0.0,2.0,2.0,1.0,0.8440942946879157,0.3364014671698411,0.32983660611135923,1.3269647517833776,0
0.0,0.0,2.0,0.0,0.0,0.8440942946879157,0.3364014671698411,0.32983660611135923,1.3269647517833776,1,1,0.0,0.0,2.0,0.0,0.0,0.8440942946879157,0.3364014671698411,0.32983660611135923,1.3269647517833776,0
0.0,0.0,2.0,0.0,0.0,0.8440942946879157,0.3364014671698411,0.32983660611135923,1.3269647517833776,1,1,0.0,0.0,2.0,0.0,0.0,0.8440942946879157,0.3364014671698411,0.32983660611135923,1.3269647517833776,0
0.0,0.0,2.0,0.0,0.0,0.8440942946879157,0.3364014671698411,0.32983660611135923,1.3269647517833776,0,1,0.0,0.0,2.0,0.0,0.0,0.8440942946879157,0.3364014671698411,0.32983660611135923,1.3269647517833776,0
0.0,0.0,2.0,1.0,0.5,0.8440942946879157,0.3364014671698411,0.32983660611135923,1.3269647517833776,2,1,0.0,0.0,2.0,1.0,0.5,0.8440942946879157,0.3364014671698411,0.32983660611135923,1.3269647517833776,0
0.0,0.0,2.0,0.0,0.0,0.8440942946879157,0.3364014671698411,0.32983660611135923,1.3269647517833776,1,1,0.0,0.0,2.0,0.0,0.0,0.8440942946879157,0.3364014671698411,0.32983660611135923,1.3269647517833776,0
0.0,0.0,2.0,0.0,0.0,0.8440942946879157,0.3364014671698411,0.32983660611135923,1.3269647517833776,1,1,0.0,0.0,2.0,0.0,0.0,0.8440942946879157,0.3364014671698411,0.32983660611135923,1.3269647517833776,0
0.0,0.0,2.0,1.0,0.5,0.8440942946879157,0.3364014671698411,0.32983660611135923,1.3269647517833776,2,1,0.0,0.0,2.0,1.0,0.5,0.8440942946879157,0.3364014671698411,0.32983660611135923,1.3269647517833776,0
0.0,0.0,2.0,1.0,0.5,0.8440942946879157,0.3364014671698411,0.32983660611135923,1.3269647517833776,0,1,0.0,0.0,2.0,1.0,0.5,0.8440942946879157,0.3364014671698411,0.32983660611135923,1.3269647517833776,0
0.0,0.0,2.0,1.0,0.5,0.8440942946879157,0.3364014671698411,0.32983660611135923,1.3269647517833776,0,1,0.0,0.0,2.0,1.0,0.5,0.8440942946879157,0.3364014671698411,0.32983660611135923,1.3269647517833776,1
0.0,0.0,15.0,2.0,1.0,0.9131434888793943,0.9389773581786242,0.6025185271031109,1.8386034636438189,3,0,0.0,0.0,15.0,2.0,1.0,0.9131434888793943,0.9389773581786242,0.6025185271031109,1.8386034636438189,0
0.0,0.0,15.0,1.0,0.5,0.9131434888793943,0.9389773581786242,0.6025185271031109,1.8386034636438189,2,0,0.0,0.0,15.0,1.0,0.5,0.9131434888793943,0.9389773581786242,0.6025185271031109,1.8386034636438189,0
0.0,0.0,15.0,2.0,1.0,0.9131434888793943,0.9389773581786242,0.6025185271031109,1.8386034636438189,3,0,0.0,0.0,15.0,2.0,1.0,0.9131434888793943,0.9389773581786242,0.6025185271031109,1.8386034636438189,0
0.0,0.0,15.0,2.0,1.0,0.9131434888793943,0.9389773581786242,0.6025185271031109,1.8386034636438189,0,0,0.0,0.0,15.0,2.0,1.0,0.9131434888793943,0.9389773581786242,0.6025185271031109,1.8386034636438189,0
0.0,0.0,15.0,2.0,1.0,0.9131434888793943,0.9389773581786242,0.6025185271031109,1.8386034636438189,3,0,0.0,0.0,15.0,2.0,1.0,0.9131434888793943,0.9389773581786242,0.6025185271031109,1.8386034636438189,0
0.0,0.0,15.0,2.0,1.0,0.9131434888793943,0.9389773581786242,0.6025185271031109,1.8386034636438189,0,0,0.0,0.0,15.0,2.0,1.0,0.9131434888793943,0.9389773581786242,0.6025185271031109,1.8386034636438189,0
0.0,0.0,15.0,0.0,0.0,0.9131434888793943,0.9389773581786242,0.6025185271031109,1.8386034636438189,1,0,0.0,0.0,15.0,0.0,0.0,0.9131434888793943,0.9389773581786242,0.6025185271031109,1.8386034636438189,0
0.0,0.0,15.0,0.0,0.0,0.9131434888793943,0.9389773581786242,0.6025185271031109,1.8386034636438189,1,0,0.0,0.0,15.0,0.0,0.0,0.9131434888793943,0.9389773581786242,0.6025185271031109,1.8386034636438189,0
0.0,0.0,15.0,1.0,0.5,0.9131434888793943,0.9389773581786242,0.6025185271031109,1.8386034636438189,2,0,0.0,0.0,15.0,1.0,0.5,0.9131434888793943,0.9389773581786242,0.6025185271031109,1.8386034636438189,0
0.0,0.0,15.0,0.0,0.0,0.9131434888793943,0.9389773581786242,0.6025185271031109,1.8386034636438189,1,0,0.0,0.0,15.0,0.0,0.0,0.9131434888793943,0.9389773581786242,0.6025185271031109,1.8386034636438189,0
0.0,0.0,15.0,0.0,0.0,0.9131434888793943,0.9389773581786242,0.6025185271031109,1.8386034636438189,0,0,0.0,0.0,15.0,0.0,0.0,0.9131434888793943,0.9389773581786242,0.6025185271031109,1.8386034636438189,0
0.0,0.0,15.0,0.0,0.0,0.9131434888793943,0.9389773581786242,0.6025185271031109,1.8386034636438189,0,0,0.0,0.0,15.0,0.0,0.0,0.9131434888793943,0.9389773581786242,0.6025185271031109,1.8386034636438189,0
0.0,0.0,15.0,1.0,0.5,0.9131434888793943,0.9389773581786242,0.6025185271031109,1.8386034636438189,2,0,0.0,0.0,15.0,1.0,0.5,0.9131434888793943,0.9389773581786242,0.6025185271031109,1.8386034636438189,0
0.0,0.0,15.0,1.0,0.5,0.9131434888793943,0.9389773581786242,0.6025185271031109,1.8386034636438189,2,0,0.0,0.0,15.0,1.0,0.5,0.9131434888793943,0.9389773581786242,0.6025185271031109,1.8386034636438189,0
0.0,0.0,15.0,1.0,0.5,0.9131434888793943,0.9389773581786242,0.6025185271031109,1.8386034636438189,0,0,0.0,0.0,15.0,1.0,0.5,0.9131434888793943,0.9389773581786242,0.6025185271031109,1.8386034636438189,1
0.0,0.0,17.0,2.0,1.0,0.930113995816193,0.7309554443787719,0.6707575937398047,1.179825117544862,3,0,0.0,0.0,17.0,2.0,1.0,0.930113995816193,0.7309554443787719,0.6707575937398047,1.179825117544862,0
0.0,0.0,17.0,2.0,1.0,0.930113995816193,0.7309554443787719,0.6707575937398047,1.179825117544862,3,0,0.0,0.0,17.0,2.0,1.0,0.930113995816193,0.7309554443787719,0.6707575937398047,1.179825117544862,0
0.0,0.0,17.0,2.0,1.0,0.930113995816193,0.7309554443787719,0.6707575937398047,1.179825117544862,3,0,0.0,0.0,17.0,2.0,1.0,0.930113995816193,0.7309554443787719,0.6707575937398047,1.179825117544862,1
0.0,0.0,11.0,2.0,0.7580361054637789,0.2522526940132427,0.43826071744185957,0.38520198182706067,1.2720475490140961,0,0,0.0,0.0,11.0,2.0,0.7580361054637789,0.2522526940132427,0.43826071744185957,0.38520198182706067,1.2720475490140961,0
0.0,0.0,11.0,2.0,0.7580361054637789,0.2522526940132427,0.43826071744185957,0.38520198182706067,1.2720475490140961,0,0,0.0,0.0,11.0,2.0,0.7580361054637789,0.2522526940132427,0.43826071744185957,0.38520198182706067,1.2720475490140961,0
0.0,0.0,11.0,1.0,0.5,0.2522526940132427,0.43826071744185957,0.38520198182706067,1.2720475490140961,2,0,0.0,0.0,11.0,1.0,0.5,0.2522526940132427,0.43826071744185957,0.38520198182706067,1.2720475490140961,0
0.0,0.0,11.0,1.0,0.5,0.2522526940132427,0.43826071744185957,0.38520198182706067,1.2720475490140961,0,0,0.0,0.0,11.0,1.0,0.5,0.2522526940132427,0.43826071744185957,0.38520198182706067,1.2720475490140961,0
0.0,0.0,11.0,1.0,0.5,0.2522526940132427,0.43826071744185957,0.38520198182706067,1.2720475490140961,2,0,0.0,0.0,11.0,1.0,0.5,0.2522526940132427,0.43826071744185957,0.38520198182706067,1.2720475490140961,0
0.0,0.0,11.0,1.0,0.5,0.2522526940132427,0.43826071744185957,0.38520198182706067,1.2720475490140961,2,0,0.0,0.0,11.0,1.0,0.5,0.2522526940132427,0.43826071744185957,0.38520198182706067,1.2720475490140961,0
0.0,0.0,11.0,1.0,0.5,0.2522526940132427,0.43826071744185957,0.38520198182706067,1.2720475490140961,0,0,0.0,0.0,11.0,1.0,0.5,0.2522526940132427,0.43826071744185957,0.38520198182706067,1.2720475490140961,0
0.0,0.0,11.0,0.0,0.0,0.2522526940132427,0.43826071744185957,0.38520198182706067,1.2720475490140961,1,0,0.0,0.0,11.0,0.0,0.0,0.2522526940132427,0.43826071744185957,0.38520198182706067,1.2720475490140961,0
0.0,0.0,11.0,1.0,0.5,0.2522526940132427,0.43826071744185957,0.38520198182706067,1.2720475490140961,2,0,0.0,0.0,11.0,1.0,0.5,0.2522526940132427,0.43826071744185957,0.38520198182706067,1.2720475490140961,0
0.0,0.0,11.0,1.0,0.5,0.2522526940132427,0.43826071744185957,0.38520198182706067,1.2720475490140961,2,0,0.0,0.0,11.0,1.0,0.5,0.2522526940132427,0.43826071744185957,0.38520198182706067,1.2720475490140961,0
0.0,0.0,11.0,1.0,0.5,0.2522526940132427,0.43826071744185957,0.38520198182706067,1.2720475490140961,2,0,0.0,0.0,11.0,1.0,0.5,0.2522526940132427,0.43826071744185957,0.38520198182706067,1.2720475490140961,0
0.0,0.0,11.0,2.0,1.0,0.2522526940132427,0.43826071744185957,0.38520198182706067,1.2720475490140961,3,0,0.0,0.0,11.0,2.0,1.0,0.2522526940132427,0.43826071744185957,0.38520198182706067,1.2720475490140961,0
0.0,0.0,11.0,0.0,0.0,0.2522526940132427,0.43826071744185957,0.38520198182706067,1.2720475490140961,1,0,0.0,0.0,11.0,0.0,0.0,0.2522526940132427,0.43826071744185957,0.38520198182706067,1.2720475490140961,0
0.0,0.0,11.0,2.0,1.0,0.2522526940132427,0.43826071744185957,0.38520198182706067,1.2720475490140961,3,0,0.0,0.0,11.0,2.0,1.0,0.2522526940132427,0.43826071744185957,0.38520198182706067,1.2720475490140961,0
0.0,0.0,11.0,1.0,0.5,0.2522526940132427,0.43826071744185957,0.38520198182706067,1.2720475490140961,2,0,0.0,0.0,11.0,1.0,0.5,0.2522526940132427,0.43826071744185957,0.38520198182706067,1.2720475490140961,0
0.0,0.0,11.0,2.0,1.0,0.2522526940132427,0.43826071744185957,0.38520198182706067,1.2720475490140961,3,0,0.0,0.0,11.0,2.0,1.0,0.2522526940132427,0.43826071744185957,0.38520198182706067,1.2720475490140961,0
0.0,0.0,11.0,0.0,0.0,0.2522526940132427,0.43826071744185957,0.38520198182706067,1.2720475490140961,1,0,0.0,0.0,11.0,0.0,0.0,0.2522526940132427,0.43826071744185957,0.38520198182706067,1.2720475490140961,0
0.0,0.0,11.0,1.0,0.5,0.2522526940132427,0.43826071744185957,0.38520198182706067,1.2720475490140961,2,0,0.0,0.0,11.0,1.0,0.5,0.2522526940132427,0.43826071744185957,0.38520198182706067,1.2720475490140961,0
0.0,0.0,11.0,2.0,1.0,0.2522526940132427,0.43826071744185957,0.38520198182706067,1.2720475490140961,3,0,0.0,0.0,11.0,2.0,1.0,0.2522526940132427,0.43826071744185957,0.38520198182706067,1.2720475490140961,0
0.0,0.0,11.0,0.0,0.0,0.2522526940132427,0.43826071744185957,0.38520198182706067,1.2720475490140961,1,0,0.0,0.0,11.0,0.0,0.0,0.2522526940132427,0.43826071744185957,0.38520198182706067,1.2720475490140961,1
0.0,0.0,17.0,0.0,0.0,0.9344171072397189,0.4605993936213827,0.8512096926638548,1.4696261106326816,1,0,0.0,0.0,17.0,0.0,0.0,0.9344171072397189,0.4605993936213827,0.8512096926638548,1.4696261106326816,0
0.0,0.0,17.0,0.0,0.0,0.9344171072397189,0.4605993936213827,0.8512096926638548,1.4696261106326816,1,0,0.0,0.0,17.0,0.0,0.0,0.9344171072397189,0.4605993936213827,0.8512096926638548,1.4696261106326816,0
0.0,0.0,17.0,0.0,0.0,0.9344171072397189,0.4605993936213827,0.8512096926638548,1.4696261106326816,1,0,0.0,0.0,17.0,0.0,0.0,0.9344171072397189,0.4605993936213827,0.8512096926638548,1.4696261106326816,1
0.0,0.0,13.0,1.0,0.9963046441645254,0.8490653568869828,0.703171755299709,0.7252837659667085,1.4469117092700046,0,0,0.0,0.0,13.0,1.0,0.9963046441645254,0.8490653568869828,0.703171755299709,0.7252837659667085,1.4469117092700046,0
0.0,0.0,13.0,1.0,0.5,0.8490653568869828,0.703171755299709,0.7252837659667085,1.4469117092700046,2,0,0.0,0.0,13.0,1.0,0.5,0.8490653568869828,0.703171755299709,0.7252837659667085,1.4469117092700046,0
0.0,0.0,13.0,1.0,0.5,0.8490653568869828,0.703171755299709,0.7252837659667085,1.4469117092700046,2,0,0.0,0.0,13.0,1.0,0.5,0.8490653568869828,0.703171755299709,0.7252837659667085,1.4469117092700046,0
0.0,0.0,13.0,1.0,0.5,0.8490653568869828,0.703171755299709,0.7252837659667085,1.4469117092700046,2,0,0.0,0.0,13.0,1.0,0.5,0.8490653568869828,0.703171755299709,0.7252837659667085,1.4469117092700046,0
0.0,0.0,13.0,1.0,0.5,0.8490653568869828,0.703171755299709,0.7252837659667085,1.4469117092700046,2,0,0.0,0.0,13.0,1.0,0.5,0.8490653568869828,0.703171755299709,0.7252837659667085,1.4469117092700046,0
0.0,0.0,13.0,1.0,0.5,0.8490653568869828,0.703171755299709,0.7252837659667085,1.4469117092700046,0,0,0.0,0.0,13.0,1.0,0.5,0.8490653568869828,0.703171755299709,0.7252837659667085,1.4469117092700046,0
0.0,0.0,13.0,2.0,1.0,0.8490653568869828,0.703171755299709,0.7252837659667085,1.4469117092700046,3,0,0.0,0.0,13.0,2.0,1.0,0.8490653568869828,0.703171755299709,0.7252837659667085,1.4469117092700046,0
0.0,0.0,13.0,2.0,1.0,0.8490653568869828,0.703171755299709,0.7252837659667085,1.4469117092700046,0,0,0.0,0.0,13.0,2.0,1.0,0.8490653568869828,0.703171755299709,0.7252837659667085,1.4469117092700046,0
0.0,0.0,13.0,2.0,1.0,0.8490653568869828,0.703171755299709,0.7252837659667085,1.4469117092700046,3,0,0.0,0.0,13.0,2.0,1.0,0.8490653568869828,0.703171755299709,0.7252837659667085,1.4469117092700046,1
0.0,0.0,16.0,2.0,1.0,0.5760816563199876,0.20073712335977756,0.7635987074657667,1.4318501766269114,3,0,0.0,0.0,16.0,2.0,1.0,0.5760816563199876,0.20073712335977756,0.7635987074657667,1.4318501766269114,0
0.0,0.0,16.0,2.0,1.0,0.5760816563199876,0.20073712335977756,0.7635987074657667,1.4318501766269114,3,0,0.0,0.0,16.0,2.0,1.0,0.5760816563199876,0.20073712335977756,0.7635987074657667,1.4318501766269114,1
0.0,0.0,1.0,1.0,0.5,0.39871166282255854,0.8976471488272216,0.19899420610206076,1.3374348811498562,2,1,0.0,0.0,1.0,1.0,0.5,0.39871166282255854,0.8976471488272216,0.19899420610206076,1.3374348811498562,1
0.0,0.0,5.0,2.0,1.0,0.8582480375863671,0.28935214083855987,0.8763000961407611,1.347283291119286,3,1,0.0,0.0,5.0,2.0,1.0,0.8582480375863671,0.28935214083855987,0.8763000961407611,1.347283291119286,0
0.0,0.0,5.0,1.0,0.5,0.8582480375863671,0.28935214083855987,0.8763000961407611,1.347283291119286,2,1,0.0,0.0,5.0,1.0,0.5,0.8582480375863671,0.28935214083855987,0.8763000961407611,1.347283291119286,0
0.0,0.0,5.0,1.0,0.5,0.8582480375863671,0.28935214083855987,0.8763000961407611,1.347283291119286,2,1,0.0,0.0,5.0,1.0,0.5,0.8582480375863671,0.28935214083855987,0.8763000961407611,1.347283291119286,0
0.0,0.0,5.0,0.0,0.0,0.8582480375863671,0.28935214083855987,0.8763000961407611,1.347283291119286,1,1,0.0,0.0,5.0,0.0,0.0,0.8582480375863671,0.28935214083855987,0.8763000961407611,1.347283291119286,0
0.0,0.0,5.0,0.0,0.0,0.8582480375863671,0.28935214083855987,0.8763000961407611,1.347283291119286,1,1,0.0,0.0,5.0,0.0,0.0,0.8582480375863671,0.28935214083855987,0.8763000961407611,1.347283291119286,0
0.0,0.0,5.0,0.0,0.0,0.8582480375863671,0.28935214083855987,0.8763000961407611,1.347283291119286,1,1,0.0,0.0,5.0,0.0,0.0,0.8582480375863671,0.28935214083855987,0.8763000961407611,1.347283291119286,0
0.0,0.0,5.0,0.0,0.0,0.8582480375863671,0.28935214083855987,0.8763000961407611,1.347283291119286,0,1,0.0,0.0,5.0,0.0,0.0,0.8582480375863671,0.28935214083855987,0.8763000961407611,1.347283291119286,0
0.0,0.0,5.0,0.0,0.0,0.8582480375863671,0.28935214083855987,0.8763000961407611,1.347283291119286,0,1,0.0,0.0,5.0,0.0,0.0,0.8582480375863671,0.28935214083855987,0.8763000961407611,1.347283291119286,0
0.0,0.0,5.0,2.0,1.0,0.8582480375863671,0.28935214083855987,0.8763000961407611,1.347283291119286,3,1,0.0,0.0,5.0,2.0,1.0,0.8582480375863671,0.28935214083855987,0.8763000961407611,1.347283291119286,0
0.0,0.0,5.0,2.0,1.0,0.8582480375863671,0.28935214083855987,0.8763000961407611,1.347283291119286,0,1,0.0,0.0,5.0,2.0,1.0,0.8582480375863671,0.28935214083855987,0.8763000961407611,1.347283291119286,0
0.0,0.0,5.0,1.0,0.5,0.8582480375863671,0.28935214083855987,0.8763000961407611,1.347283291119286,2,1,0.0,0.0,5.0,1.0,0.5,0.8582480375863671,0.28935214083855987,0.8763000961407611,1.347283291119286,0
0.0,0.0,5.0,1.0,0.5,0.8582480375863671,0.28935214083855987,0.8763000961407611,1.347283291119286,0,1,0.0,0.0,5.0,1.0,0.5,0.8582480375863671,0.28935214083855987,0.8763000961407611,1.347283291119286,0
0.0,0.0,5.0,0.0,0.0,0.8582480375863671,0.28935214083855987,0.8763000961407611,1.347283291119286,1,1,0.0,0.0,5.0,0.0,0.0,0.8582480375863671,0.28935214083855987,0.8763000961407611,1.347283291119286,0
0.0,0.0,5.0,0.0,0.0,0.8582480375863671,0.28935214083855987,0.8763000961407611,1.347283291119286,0,1,0.0,0.0,5.0,0.0,0.0,0.8582480375863671,0.28935214083855987,0.8763000961407611,1.347283291119286,0
0.0,0.0,5.0,2.0,1.0,0.8582480375863671,0.28935214083855987,0.8763000961407611,1.347283291119286,3,1,0.0,0.0,5.0,2.0,1.0,0.8582480375863671,0.28935214083855987,0.8763000961407611,1.347283291119286,0
0.0,0.0,5.0,0.0,0.0,0.8582480375863671,0.28935214083855987,0.8763000961407611,1.347283291119286,1,1,0.0,0.0,5.0,0.0,0.0,0.8582480375863671,0.28935214083855987,0.8763000961407611,1.347283291119286,0
0.0,0.0,5.0,1.0,0.5,0.8582480375863671,0.28935214083855987,0.8763000961407611,1.347283291119286,2,1,0.0,0.0,5.0,1.0,0.5,0.8582480375863671,0.28935214083855987,0.8763000961407611,1.347283291119286,0
0.0,0.0,5.0,1.0,0.5,0.8582480375863671,0.28935214083855987,0.8763000961407611,1.347283291119286,0,1,0.0,0.0,5.0,1.0,0.5,0.8582480375863671,0.28935214083855987,0.8763000961407611,1.347283291119286,0
0.0,0.0,5.0,1.0,0.5,0.8582480375863671,0.28935214083855987,0.8763000961407611,1.347283291119286,0,1,0.0,0.0,5.0,1.0,0.5,0.8582480375863671,0.28935214083855987,0.8763000961407611,1.347283291119286,0
0.0,0.0,5.0,1.0,0.5,0.8582480375863671,0.28935214083855987,0.8763000961407611,1.347283291119286,2,1,0.0,0.0,5.0,1.0,0.5,0.8582480375863671,0.28935214083855987,0.8763000961407611,1.347283291119286,0
0.0,0.0,5.0,1.0,0.5,0.8582480375863671,0.28935214083855987,0.8763000961407611,1.347283291119286,2,1,0.0,0.0,5.0,1.0,0.5,0.8582480375863671,0.28935214083855987,0.8763000961407611,1.347283291119286,0
0.0,0.0,5.0,1.0,0.5,0.8582480375863671,0.28935214083855987,0.8763000961407611,1.347283291119286,0,1,0.0,0.0,5.0,1.0,0.5,0.8582480375863671,0.28935214083855987,0.8763000961407611,1.347283291119286,0
0.0,0.0,5.0,1.0,0.5,0.8582480375863671,0.28935214083855987,0.8763000961407611,1.347283291119286,2,1,0.0,0.0,5.0,1.0,0.5,0.8582480375863671,0.28935214083855987,0.8763000961407611,1.347283291119286,0
0.0,0.0,5.0,1.0,0.5,0.8582480375863671,0.28935214083855987,0.8763000961407611,1.347283291119286,0,1,0.0,0.0,5.0,1.0,0.5,0.8582480375863671,0.28935214083855987,0.8763000961407611,1.347283291119286,0
0.0,0.0,5.0,0.0,0.0,0.8582480375863671,0.28935214083855987,0.8763000961407611,1.347283291119286,1,1,0.0,0.0,5.0,0.0,0.0,0.8582480375863671,0.28935214083855987,0.8763000961407611,1.347283291119286,0
0.0,0.0,5.0,1.0,0.5,0.8582480375863671,0.28935214083855987,0.8763000961407611,1.347283291119286,2,1,0.0,0.0,5.0,1.0,0.5,0.8582480375863671,0.28935214083855987,0.8763000961407611,1.347283291119286,0
0.0,0.0,5.0,1.0,0.5,0.8582480375863671,0.28935214083855987,0.8763000961407611,1.347283291119286,0,1,0.0,0.0,5.0,1.0,0.5,0.8582480375863671,0.28935214083855987,0.8763000961407611,1.347283291119286,0
0.0,0.0,5.0,2.0,1.0,0.8582480375863671,0.28935214083855987,0.8763000961407611,1.347283291119286,3,1,0.0,0.0,5.0,2.0,1.0,0.8582480375863671,0.28935214083855987,0.8763000961407611,1.347283291119286,0
0.0,0.0,5.0,2.0,1.0,0.8582480375863671,0.28935214083855987,0.8763000961407611,1.347283291119286,3,1,0.0,0.0,5.0,2.0,1.0,0.8582480375863671,0.28935214083855987,0.8763000961407611,1.347283291119286,0
0.0,0.0,5.0,2.0,1.0,0.8582480375863671,0.28935214083855987,0.8763000961407611,1.347283291119286,0,1,0.0,0.0,5.0,2.0,1.0,0.8582480375863671,0.28935214083855987,0.8763000961407611,1.347283291119286,1
0.0,0.0,10.0,2.0,0.4724517586290249,0.26070440913836934,0.8287247006539096,0.3706608415608078,1.217893115889276,0,0,0.0,0.0,10.0,2.0,0.4724517586290249,0.26070440913836934,0.8287247006539096,0.3706608415608078,1.217893115889276,0
0.0,0.0,10.0,1.0,0.5,0.26070440913836934,0.8287247006539096,0.3706608415608078,1.217893115889276,2,0,0.0,0.0,10.0,1.0,0.5,0.26070440913836934,0.8287247006539096,0.3706608415608078,1.217893115889276,0
0.0,0.0,10.0,0.0,0.0,0.26070440913836934,0.8287247006539096,0.3706608415608078,1.217893115889276,1,0,0.0,0.0,10.0,0.0,0.0,0.26070440913836934,0.8287247006539096,0.3706608415608078,1.217893115889276,0
0.0,0.0,10.0,1.0,0.5,0.26070440913836934,0.8287247006539096,0.3706608415608078,1.217893115889276,2,0,0.0,0.0,10.0,1.0,0.5,0.26070440913836934,0.8287247006539096,0.3706608415608078,1.217893115889276,0
0.0,0.0,10.0,1.0,0.5,0.26070440913836934,0.8287247006539096,0.3706608415608078,1.217893115889276,0,0,0.0,0.0,10.0,1.0,0.5,0.26070440913836934,0.8287247006539096,0.3706608415608078,1.217893115889276,0
0.0,0.0,10.0,2.0,1.0,0.26070440913836934,0.8287247006539096,0.3706608415608078,1.217893115889276,3,0,0.0,0.0,10.0,2.0,1.0,0.26070440913836934,0.8287247006539096,0.3706608415608078,1.217893115889276,0
0.0,0.0,10.0,1.0,0.5,0.26070440913836934,0.8287247006539096,0.3706608415608078,1.217893115889276,2,0,0.0,0.0,10.0,1.0,0.5,0.26070440913836934,0.8287247006539096,0.3706608415608078,1.217893115889276,0
0.0,0.0,10.0,1.0,0.5,0.26070440913836934,0.8287247006539096,0.3706608415608078,1.217893115889276,0,0,0.0,0.0,10.0,1.0,0.5,0.26070440913836934,0.8287247006539096,0.3706608415608078,1.217893115889276,0
0.0,0.0,10.0,1.0,0.5,0.26070440913836934,0.8287247006539096,0.3706608415608078,1.217893115889276,2,0,0.0,0.0,10.0,1.0,0.5,0.26070440913836934,0.8287247006539096,0.3706608415608078,1.217893115889276,0
0.0,0.0,10.0,0.0,0.0,0.26070440913836934,0.8287247006539096,0.3706608415608078,1.217893115889276,1,0,0.0,0.0,10.0,0.0,0.0,0.26070440913836934,0.8287247006539096,0.3706608415608078,1.217893115889276,0
0.0,0.0,10.0,0.0,0.0,0.26070440913836934,0.8287247006539096,0.3706608415608078,1.217893115889276,1,0,0.0,0.0,10.0,0.0,0.0,0.26070440913836934,0.8287247006539096,0.3706608415608078,1.217893115889276,0
0.0,0.0,10.0,2.0,1.0,0.26070440913836934,0.8287247006539096,0.3706608415608078,1.217893115889276,3,0,0.0,0.0,10.0,2.0,1.0,0.26070440913836934,0.8287247006539096,0.3706608415608078,1.217893115889276,0
0.0,0.0,10.0,2.0,1.0,0.26070440913836934,0.8287247006539096,0.3706608415608078,1.217893115889276,3,0,0.0,0.0,10.0,2.0,1.0,0.26070440913836934,0.8287247006539096,0.3706608415608078,1.217893115889276,1
0.0,0.0,8.0,0.0,0.19683952858185783,0.3162848056437686,0.44861211588635286,0.6141816452102551,1.6241739379420732,0,1,0.0,0.0,8.0,0.0,0.19683952858185783,0.3162848056437686,0.44861211588635286,0.6141816452102551,1.6241739379420732,0
0.0,0.0,8.0,0.0,0.0,0.3162848056437686,0.44861211588635286,0.6141816452102551,1.6241739379420732,1,1,0.0,0.0,8.0,0.0,0.0,0.3162848056437686,0.44861211588635286,0.6141816452102551,1.6241739379420732,1
0.0,0.0,12.0,0.0,0.0,0.2518870310395662,0.9220613538881599,0.9499927381809788,1.1706209554436506,1,0,0.0,0.0,12.0,0.0,0.0,0.2518870310395662,0.9220613538881599,0.9499927381809788,1.1706209554436506,0
0.0,0.0,12.0,0.0,0.0,0.2518870310395662,0.9220613538881599,0.9499927381809788,1.1706209554436506,0,0,0.0,0.0,12.0,0.0,0.0,0.2518870310395662,0.9220613538881599,0.9499927381809788,1.1706209554436506,0
0.0,0.0,12.0,0.0,0.0,0.2518870310395662,0.9220613538881599,0.9499927381809788,1.1706209554436506,0,0,0.0,0.0,12.0,0.0,0.0,0.2518870310395662,0.9220613538881599,0.9499927381809788,1.1706209554436506,0
0.0,0.0,12.0,0.0,0.0,0.2518870310395662,0.9220613538881599,0.9499927381809788,1.1706209554436506,0,0,0.0,0.0,12.0,0.0,0.0,0.2518870310395662,0.9220613538881599,0.9499927381809788,1.1706209554436506,0
0.0,0.0,12.0,0.0,0.0,0.2518870310395662,0.9220613538881599,0.9499927381809788,1.1706209554436506,0,0,0.0,0.0,12.0,0.0,0.0,0.2518870310395662,0.9220613538881599,0.9499927381809788,1.1706209554436506,0
0.0,0.0,12.0,1.0,0.5,0.2518870310395662,0.9220613538881599,0.9499927381809788,1.1706209554436506,2,0,0.0,0.0,12.0,1.0,0.5,0.2518870310395662,0.9220613538881599,0.9499927381809788,1.1706209554436506,0
0.0,0.0,12.0,2.0,1.0,0.2518870310395662,0.9220613538881599,0.9499927381809788,1.1706209554436506,3,0,0.0,0.0,12.0,2.0,1.0,0.2518870310395662,0.9220613538881599,0.9499927381809788,1.1706209554436506,0
0.0,0.0,12.0,2.0,1.0,0.2518870310395662,0.9220613538881599,0.9499927381809788,1.1706209554436506,3,0,0.0,0.0,12.0,2.0,1.0,0.2518870310395662,0.9220613538881599,0.9499927381809788,1.1706209554436506,0
0.0,0.0,12.0,2.0,1.0,0.2518870310395662,0.9220613538881599,0.9499927381809788,1.1706209554436506,3,0,0.0,0.0,12.0,2.0,1.0,0.2518870310395662,0.9220613538881599,0.9499927381809788,1.1706209554436506,0
0.0,0.0,12.0,2.0,1.0,0.2518870310395662,0.9220613538881599,0.9499927381809788,1.1706209554436506,0,0,0.0,0.0,12.0,2.0,1.0,0.2518870310395662,0.9220613538881599,0.9499927381809788,1.1706209554436506,0
0.0,0.0,12.0,2.0,1.0,0.2518870310395662,0.9220613538881599,0.9499927381809788,1.1706209554436506,0,0,0.0,0.0,12.0,2.0,1.0,0.2518870310395662,0.9220613538881599,0.9499927381809788,1.1706209554436506,1
0.0,0.0,11.0,2.0,0.6497719191728542,0.9313188606945053,0.0071572008290266,0.8819205150330957,1.506237193414898,0,0,0.0,0.0,11.0,2.0,0.6497719191728542,0.9313188606945053,0.0071572008290266,0.8819205150330957,1.506237193414898,0
0.0,0.0,11.0,2.0,1.0,0.9313188606945053,0.0071572008290266,0.8819205150330957,1.506237193414898,3,0,0.0,0.0,11.0,2.0,1.0,0.9313188606945053,0.0071572008290266,0.8819205150330957,1.506237193414898,0
0.0,0.0,11.0,0.0,0.0,0.9313188606945053,0.0071572008290266,0.8819205150330957,1.506237193414898,1,0,0.0,0.0,11.0,0.0,0.0,0.9313188606945053,0.0071572008290266,0.8819205150330957,1.506237193414898,0
0.0,0.0,11.0,0.0,0.0,0.9313188606945053,0.0071572008290266,0.8819205150330957,1.506237193414898,1,0,0.0,0.0,11.0,0.0,0.0,0.9313188606945053,0.0071572008290266,0.8819205150330957,1.506237193414898,0
0.0,0.0,11.0,2.0,1.0,0.9313188606945053,0.0071572008290266,0.8819205150330957,1.506237193414898,3,0,0.0,0.0,11.0,2.0,1.0,0.9313188606945053,0.0071572008290266,0.8819205150330957,1.506237193414898,0
0.0,0.0,11.0,2.0,1.0,0.9313188606945053,0.0071572008290266,0.8819205150330957,1.506237193414898,0,0,0.0,0.0,11.0,2.0,1.0,0.9313188606945053,0.0071572008290266,0.8819205150330957,1.506237193414898,0
0.0,0.0,11.0,1.0,0.5,0.9313188606945053,0.0071572008290266,0.8819205150330957,1.506237193414898,2,0,0.0,0.0,11.0,1.0,0.5,0.9313188606945053,0.0071572008290266,0.8819205150330957,1.506237193414898,0
0.0,0.0,11.0,0.0,0.0,0.9313188606945053,0.0071572008290266,0.8819205150330957,1.506237193414898,1,0,0.0,0.0,11.0,0.0,0.0,0.9313188606945053,0.0071572008290266,0.8819205150330957,1.506237193414898,0
0.0,0.0,11.0,0.0,0.0,0.9313188606945053,0.0071572008290266,0.8819205150330957,1.506237193414898,0,0,0.0,0.0,11.0,0.0,0.0,0.9313188606945053,0.0071572008290266,0.8819205150330957,1.506237193414898,0
0.0,0.0,11.0,0.0,0.0,0.9313188606945053,0.0071572008290266,0.8819205150330957,1.506237193414898,1,0,0.0,0.0,11.0,0.0,0.0,0.9313188606945053,0.0071572008290266,0.8819205150330957,1.506237193414898,0
0.0,0.0,11.0,2.0,1.0,0.9313188606945053,0.0071572008290266,0.8819205150330957,1.506237193414898,3,0,0.0,0.0,11.0,2.0,1.0,0.9313188606945053,0.0071572008290266,0.8819205150330957,1.506237193414898,1
0.0,0.0,18.0,0.0,0.8938941676285979,0.0811963850178542,0.005613647467417104,0.09504357835520705,1.5143793615834715,0,0,0.0,0.0,18.0,0.0,0.8938941676285979,0.0811963850178542,0.005613647467417104,0.09504357835520705,1.5143793615834715,0
0.0,0.0,18.0,2.0,1.0,0.0811963850178542,0.005613647467417104,0.09504357835520705,1.5143793615834715,3,0,0.0,0.0,18.0,2.0,1.0,0.0811963850178542,0.005613647467417104,0.09504357835520705,1.5143793615834715,0
0.0,0.0,18.0,0.0,0.0,0.0811963850178542,0.005613647467417104,0.09504357835520705,1.5143793615834715,1,0,0.0,0.0,18.0,0.0,0.0,0.0811963850178542,0.005613647467417104,0.09504357835520705,1.5143793615834715,0
0.0,0.0,18.0,0.0,0.0,0.0811963850178542,0.005613647467417104,0.09504357835520705,1.5143793615834715,0,0,0.0,0.0,18.0,0.0,0.0,0.0811963850178542,0.005613647467417104,0.09504357835520705,1.5143793615834715,0
0.0,0.0,18.0,1.0,0.5,0.0811963850178542,0.005613647467417104,0.09504357835520705,1.5143793615834715,2,0,0.0,0.0,18.0,1.0,0.5,0.0811963850178542,0.005613647467417104,0.09504357835520705,1.5143793615834715,0
0.0,0.0,18.0,1.0,0.5,0.0811963850178542,0.005613647467417104,0.09504357835520705,1.5143793615834715,2,0,0.0,0.0,18.0,1.0,0.5,0.0811963850178542,0.005613647467417104,0.09504357835520705,1.5143793615834715,1
0.0,0.0,2.0,1.0,0.5,0.2668507090101525,0.015571689201619332,0.7872135153109893,1.0065278611979647,2,1,0.0,0.0,2.0,1.0,0.5,0.2668507090101525,0.015571689201619332,0.7872135153109893,1.0065278611979647,0
0.0,0.0,2.0,2.0,1.0,0.2668507090101525,0.015571689201619332,0.7872135153109893,1.0065278611979647,3,1,0.0,0.0,2.0,2.0,1.0,0.2668507090101525,0.015571689201619332,0.7872135153109893,1.0065278611979647,0
0.0,0.0,2.0,2.0,1.0,0.2668507090101525,0.015571689201619332,0.7872135153109893,1.0065278611979647,3,1,0.0,0.0,2.0,2.0,1.0,0.2668507090101525,0.015571689201619332,0.7872135153109893,1.0065278611979647,0
0.0,0.0,2.0,2.0,1.0,0.2668507090101525,0.015571689201619332,0.7872135153109893,1.0065278611979647,0,1,0.0,0.0,2.0,2.0,1.0,0.2668507090101525,0.015571689201619332,0.7872135153109893,1.0065278611979647,0
0.0,0.0,2.0,2.0,1.0,0.2668507090101525,0.015571689201619332,0.7872135153109893,1.0065278611979647,3,1,0.0,0.0,2.0,2.0,1.0,0.2668507090101525,0.015571689201619332,0.7872135153109893,1.0065278611979647,0
0.0,0.0,2.0,0.0,0.0,0.2668507090101525,0.015571689201619332,0.7872135153109893,1.0065278611979647,1,1,0.0,0.0,2.0,0.0,0.0,0.2668507090101525,0.015571689201619332,0.7872135153109893,1.0065278611979647,0
0.0,0.0,2.0,0.0,0.0,0.2668507090101525,0.015571689201619332,0.7872135153109893,1.0065278611979647,1,1,0.0,0.0,2.0,0.0,0.0,0.2668507090101525,0.015571689201619332,0.7872135153109893,1.0065278611979647,0
0.0,0.0,2.0,0.0,0.0,0.2668507090101525,0.015571689201619332,0.7872135153109893,1.0065278611979647,1,1,0.0,0.0,2.0,0.0,0.0,0.2668507090101525,0.015571689201619332,0.7872135153109893,1.0065278611979647,0
0.0,0.0,2.0,0.0,0.0,0.2668507090101525,0.015571689201619332,0.7872135153109893,1.0065278611979647,1,1,0.0,0.0,2.0,0.0,0.0,0.2668507090101525,0.015571689201619332,0.7872135153109893,1.0065278611979647,0
0.0,0.0,2.0,0.0,0.0,0.2668507090101525,0.015571689201619332,0.7872135153109893,1.0065278611979647,1,1,0.0,0.0,2.0,0.0,0.0,0.2668507090101525,0.015571689201619332,0.7872135153109893,1.0065278611979647,0
0.0,0.0,2.0,1.0,0.5,0.2668507090101525,0.015571689201619332,0.7872135153109893,1.0065278611979647,2,1,0.0,0.0,2.0,1.0,0.5,0.2668507090101525,0.015571689201619332,0.7872135153109893,1.0065278611979647,0
0.0,0.0,2.0,2.0,1.0,0.2668507090101525,0.015571689201619332,0.7872135153109893,1.0065278611979647,3,1,0.0,0.0,2.0,2.0,1.0,0.2668507090101525,0.015571689201619332,0.7872135153109893,1.0065278611979647,0
0.0,0.0,2.0,0.0,0.0,0.2668507090101525,0.015571689201619332,0.7872135153109893,1.0065278611979647,1,1,0.0,0.0,2.0,0.0,0.0,0.2668507090101525,0.015571689201619332,0.7872135153109893,1.0065278611979647,0
0.0,0.0,2.0,2.0,1.0,0.2668507090101525,0.015571689201619332,0.7872135153109893,1.0065278611979647,3,1,0.0,0.0,2.0,2.0,1.0,0.2668507090101525,0.015571689201619332,0.7872135153109893,1.0065278611979647,0
0.0,0.0,2.0,2.0,1.0,0.2668507090101525,0.015571689201619332,0.7872135153109893,1.0065278611979647,3,1,0.0,0.0,2.0,2.0,1.0,0.2668507090101525,0.015571689201619332,0.7872135153109893,1.0065278611979647,0
0.0,0.0,2.0,2.0,1.0,0.2668507090101525,0.015571689201619332,0.7872135153109893,1.0065278611979647,0,1,0.0,0.0,2.0,2.0,1.0,0.2668507090101525,0.015571689201619332,0.7872135153109893,1.0065278611979647,0
0.0,0.0,2.0,0.0,0.0,0.2668507090101525,0.015571689201619332,0.7872135153109893,1.0065278611979647,1,1,0.0,0.0,2.0,0.0,0.0,0.2668507090101525,0.015571689201619332,0.7872135153109893,1.0065278611979647,0
0.0,0.0,2.0,2.0,1.0,0.2668507090101525,0.015571689201619332,0.7872135153109893,1.0065278611979647,3,1,0.0,0.0,2.0,2.0,1.0,0.2668507090101525,0.015571689201619332,0.7872135153109893,1.0065278611979647,0
0.0,0.0,2.0,0.0,0.0,0.2668507090101525,0.015571689201619332,0.7872135153109893,1.0065278611979647,1,1,0.0,0.0,2.0,0.0,0.0,0.2668507090101525,0.015571689201619332,0.7872135153109893,1.0065278611979647,0
0.0,0.0,2.0,0.0,0.0,0.2668507090101525,0.015571689201619332,0.7872135153109893,1.0065278611979647,0,1,0.0,0.0,2.0,0.0,0.0,0.2668507090101525,0.015571689201619332,0.7872135153109893,1.0065278611979647,0
0.0,0.0,2.0,1.0,0.5,0.2668507090101525,0.015571689201619332,0.7872135153109893,1.0065278611979647,2,1,0.0,0.0,2.0,1.0,0.5,0.2668507090101525,0.015571689201619332,0.7872135153109893,1.0065278611979647,0
0.0,0.0,2.0,1.0,0.5,0.2668507090101525,0.015571689201619332,0.7872135153109893,1.0065278611979647,2,1,0.0,0.0,2.0,1.0,0.5,0.2668507090101525,0.015571689201619332,0.7872135153109893,1.0065278611979647,0
0.0,0.0,2.0,2.0,1.0,0.2668507090101525,0.015571689201619332,0.7872135153109893,1.0065278611979647,3,1,0.0,0.0,2.0,2.0,1.0,0.2668507090101525,0.015571689201619332,0.7872135153109893,1.0065278611979647,0
0.0,0.0,2.0,2.0,1.0,0.2668507090101525,0.015571689201619332,0.7872135153109893,1.0065278611979647,3,1,0.0,0.0,2.0,2.0,1.0,0.2668507090101525,0.015571689201619332,0.7872135153109893,1.0065278611979647,0
0.0,0.0,2.0,1.0,0.5,0.2668507090101525,0.015571689201619332,0.7872135153109893,1.0065278611979647,2,1,0.0,0.0,2.0,1.0,0.5,0.2668507090101525,0.015571689201619332,0.7872135153109893,1.0065278611979647,0
0.0,0.0,2.0,1.0,0.5,0.2668507090101525,0.015571689201619332,0.7872135153109893,1.0065278611979647,2,1,0.0,0.0,2.0,1.0,0.5,0.2668507090101525,0.015571689201619332,0.7872135153109893,1.0065278611979647,0
0.0,0.0,2.0,0.0,0.0,0.2668507090101525,0.015571689201619332,0.7872135153109893,1.0065278611979647,1,1,0.0,0.0,2.0,0.0,0.0,0.2668507090101525,0.015571689201619332,0.7872135153109893,1.0065278611979647,0
0.0,0.0,2.0,1.0,0.5,0.2668507090101525,0.015571689201619332,0.7872135153109893,1.0065278611979647,2,1,0.0,0.0,2.0,1.0,0.5,0.2668507090101525,0.015571689201619332,0.7872135153109893,1.0065278611979647,0
0.0,0.0,2.0,0.0,0.0,0.2668507090101525,0.015571689201619332,0.7872135153109893,1.0065278611979647,1,1,0.0,0.0,2.0,0.0,0.0,0.2668507090101525,0.015571689201619332,0.7872135153109893,1.0065278611979647,0
0.0,0.0,2.0,0.0,0.0,0.2668507090101525,0.015571689201619332,0.7872135153109893,1.0065278611979647,0,1,0.0,0.0,2.0,0.0,0.0,0.2668507090101525,0.015571689201619332,0.7872135153109893,1.0065278611979647,0
0.0,0.0,2.0,1.0,0.5,0.2668507090101525,0.015571689201619332,0.7872135153109893,1.0065278611979647,2,1,0.0,0.0,2.0,1.0,0.5,0.2668507090101525,0.015571689201619332,0.7872135153109893,1.0065278611979647,0
0.0,0.0,2.0,1.0,0.5,0.2668507090101525,0.015571689201619332,0.7872135153109893,1.0065278611979647,0,1,0.0,0.0,2.0,1.0,0.5,0.2668507090101525,0.015571689201619332,0.7872135153109893,1.0065278611979647,0
0.0,0.0,2.0,2.0,1.0,0.2668507090101525,0.015571689201619332,0.7872135153109893,1.0065278611979647,3,1,0.0,0.0,2.0,2.0,1.0,0.2668507090101525,0.015571689201619332,0.7872135153109893,1.0065278611979647,0
0.0,0.0,2.0,1.0,0.5,0.2668507090101525,0.015571689201619332,0.7872135153109893,1.0065278611979647,2,1,0.0,0.0,2.0,1.0,0.5,0.2668507090101525,0.015571689201619332,0.7872135153109893,1.0065278611979647,1
0.0,0.0,1.0,1.0,0.5,0.4940088369130442,0.6639635387714052,0.18238446437787348,1.9618188781537067,2,1,0.0,0.0,1.0,1.0,0.5,0.4940088369130442,0.6639635387714052,0.18238446437787348,1.9618188781537067,0
0.0,0.0,1.0,0.0,0.0,0.4940088369130442,0.6639635387714052,0.18238446437787348,1.9618188781537067,1,1,0.0,0.0,1.0,0.0,0.0,0.4940088369130442,0.6639635387714052,0.18238446437787348,1.9618188781537067,0
0.0,0.0,1.0,2.0,1.0,0.4940088369130442,0.6639635387714052,0.18238446437787348,1.9618188781537067,3,1,0.0,0.0,1.0,2.0,1.0,0.4940088369130442,0.6639635387714052,0.18238446437787348,1.9618188781537067,0
0.0,0.0,1.0,1.0,0.5,0.4940088369130442,0.6639635387714052,0.18238446437787348,1.9618188781537067,2,1,0.0,0.0,1.0,1.0,0.5,0.4940088369130442,0.6639635387714052,0.18238446437787348,1.9618188781537067,0
0.0,0.0,1.0,0.0,0.0,0.4940088369130442,0.6639635387714052,0.18238446437787348,1.9618188781537067,1,1,0.0,0.0,1.0,0.0,0.0,0.4940088369130442,0.6639635387714052,0.18238446437787348,1.9618188781537067,0
0.0,0.0,1.0,2.0,1.0,0.4940088369130442,0.6639635387714052,0.18238446437787348,1.9618188781537067,3,1,0.0,0.0,1.0,2.0,1.0,0.4940088369130442,0.6639635387714052,0.18238446437787348,1.9618188781537067,0
0.0,0.0,1.0,2.0,1.0,0.4940088369130442,0.6639635387714052,0.18238446437787348,1.9618188781537067,0,1,0.0,0.0,1.0,2.0,1.0,0.4940088369130442,0.6639635387714052,0.18238446437787348,1.9618188781537067,0
0.0,0.0,1.0,1.0,0.5,0.4940088369130442,0.6639635387714052,0.18238446437787348,1.9618188781537067,2,1,0.0,0.0,1.0,1.0,0.5,0.4940088369130442,0.6639635387714052,0.18238446437787348,1.9618188781537067,0
0.0,0.0,1.0,1.0,0.5,0.4940088369130442,0.6639635387714052,0.18238446437787348,1.9618188781537067,0,1,0.0,0.0,1.0,1.0,0.5,0.4940088369130442,0.6639635387714052,0.18238446437787348,1.9618188781537067,0
0.0,0.0,1.0,0.0,0.0,0.4940088369130442,0.6639635387714052,0.18238446437787348,1.9618188781537067,1,1,0.0,0.0,1.0,0.0,0.0,0.4940088369130442,0.6639635387714052,0.18238446437787348,1.9618188781537067,0
0.0,0.0,1.0,0.0,0.0,0.4940088369130442,0.6639635387714052,0.18238446437787348,1.9618188781537067,0,1,0.0,0.0,1.0,0.0,0.0,0.4940088369130442,0.6639635387714052,0.18238446437787348,1.9618188781537067,0
0.0,0.0,1.0,0.0,0.0,0.4940088369130442,0.6639635387714052,0.18238446437787348,1.9618188781537067,1,1,0.0,0.0,1.0,0.0,0.0,0.4940088369130442,0.6639635387714052,0.18238446437787348,1.9618188781537067,0
0.0,0.0,1.0,0.0,0.0,0.4940088369130442,0.6639635387714052,0.18238446437787348,1.9618188781537067,1,1,0.0,0.0,1.0,0.0,0.0,0.4940088369130442,0.6639635387714052,0.18238446437787348,1.9618188781537067,1
0.0,0.0,18.0,0.0,0.5248876534534653,0.4410298154028077,0.9900396174882604,0.9738471644899771,1.2757032889620792,0,0,0.0,0.0,18.0,0.0,0.5248876534534653,0.4410298154028077,0.9900396174882604,0.9738471644899771,1.2757032889620792,0
0.0,0.0,18.0,2.0,1.0,0.4410298154028077,0.9900396174882604,0.9738471644899771,1.2757032889620792,3,0,0.0,0.0,18.0,2.0,1.0,0.4410298154028077,0.9900396174882604,0.9738471644899771,1.2757032889620792,0
0.0,0.0,18.0,1.0,0.5,0.4410298154028077,0.9900396174882604,0.9738471644899771,1.2757032889620792,2,0,0.0,0.0,18.0,1.0,0.5,0.4410298154028077,0.9900396174882604,0.9738471644899771,1.2757032889620792,0
0.0,0.0,18.0,0.0,0.0,0.4410298154028077,0.9900396174882604,0.9738471644899771,1.2757032889620792,1,0,0.0,0.0,18.0,0.0,0.0,0.4410298154028077,0.9900396174882604,0.9738471644899771,1.2757032889620792,0
0.0,0.0,18.0,0.0,0.0,0.4410298154028077,0.9900396174882604,0.9738471644899771,1.2757032889620792,1,0,0.0,0.0,18.0,0.0,0.0,0.4410298154028077,0.9900396174882604,0.9738471644899771,1.2757032889620792,0
0.0,0.0,18.0,0.0,0.0,0.4410298154028077,0.9900396174882604,0.9738471644899771,1.2757032889620792,0,0,0.0,0.0,18.0,0.0,0.0,0.4410298154028077,0.9900396174882604,0.9738471644899771,1.2757032889620792,0
0.0,0.0,18.0,0.0,0.0,0.4410298154028077,0.9900396174882604,0.9738471644899771,1.2757032889620792,0,0,0.0,0.0,18.0,0.0,0.0,0.4410298154028077,0.9900396174882604,0.9738471644899771,1.2757032889620792,0
0.0,0.0,18.0,2.0,1.0,0.4410298154028077,0.9900396174882604,0.9738471644899771,1.2757032889620792,3,0,0.0,0.0,18.0,2.0,1.0,0.4410298154028077,0.9900396174882604,0.9738471644899771,1.2757032889620792,0
0.0,0.0,18.0,0.0,0.0,0.4410298154028077,0.9900396174882604,0.9738471644899771,1.2757032889620792,1,0,0.0,0.0,18.0,0.0,0.0,0.4410298154028077,0.9900396174882604,0.9738471644899771,1.2757032889620792,0
0.0,0.0,18.0,0.0,0.0,0.4410298154028077,0.9900396174882604,0.9738471644899771,1.2757032889620792,0,0,0.0,0.0,18.0,0.0,0.0,0.4410298154028077,0.9900396174882604,0.9738471644899771,1.2757032889620792,0
0.0,0.0,18.0,1.0,0.5,0.4410298154028077,0.9900396174882604,0.9738471644899771,1.2757032889620792,2,0,0.0,0.0,18.0,1.0,0.5,0.4410298154028077,0.9900396174882604,0.9738471644899771,1.2757032889620792,0
0.0,0.0,18.0,1.0,0.5,0.4410298154028077,0.9900396174882604,0.9738471644899771,1.2757032889620792,2,0,0.0,0.0,18.0,1.0,0.5,0.4410298154028077,0.9900396174882604,0.9738471644899771,1.2757032889620792,0
0.0,0.0,18.0,1.0,0.5,0.4410298154028077,0.9900396174882604,0.9738471644899771,1.2757032889620792,0,0,0.0,0.0,18.0,1.0,0.5,0.4410298154028077,0.9900396174882604,0.9738471644899771,1.2757032889620792,0
0.0,0.0,18.0,1.0,0.5,0.4410298154028077,0.9900396174882604,0.9738471644899771,1.2757032889620792,2,0,0.0,0.0,18.0,1.0,0.5,0.4410298154028077,0.9900396174882604,0.9738471644899771,1.2757032889620792,0
0.0,0.0,18.0,1.0,0.5,0.4410298154028077,0.9900396174882604,0.9738471644899771,1.2757032889620792,0,0,0.0,0.0,18.0,1.0,0.5,0.4410298154028077,0.9900396174882604,0.9738471644899771,1.2757032889620792,0
0.0,0.0,18.0,2.0,1.0,0.4410298154028077,0.9900396174882604,0.9738471644899771,1.2757032889620792,3,0,0.0,0.0,18.0,2.0,1.0,0.4410298154028077,0.9900396174882604,0.9738471644899771,1.2757032889620792,0
0.0,0.0,18.0,1.0,0.5,0.4410298154028077,0.9900396174882604,0.9738471644899771,1.2757032889620792,2,0,0.0,0.0,18.0,1.0,0.5,0.4410298154028077,0.9900396174882604,0.9738471644899771,1.2757032889620792,0
0.0,0.0,18.0,1.0,0.5,0.4410298154028077,0.9900396174882604,0.9738471644899771,1.2757032889620792,0,0,0.0,0.0,18.0,1.0,0.5,0.4410298154028077,0.9900396174882604,0.9738471644899771,1.2757032889620792,0
0.0,0.0,18.0,0.0,0.0,0.4410298154028077,0.9900396174882604,0.9738471644899771,1.2757032889620792,1,0,0.0,0.0,18.0,0.0,0.0,0.4410298154028077,0.9900396174882604,0.9738471644899771,1.2757032889620792,1
0.0,0.0,4.0,0.0,0.15777670282281586,0.4232383105942735,0.9018325194487217,0.27902544570118737,1.8355061392281138,0,1,0.0,0.0,4.0,0.0,0.15777670282281586,0.4232383105942735,0.9018325194487217,0.27902544570118737,1.8355061392281138,0
0.0,0.0,4.0,1.0,0.5,0.4232383105942735,0.9018325194487217,0.27902544570118737,1.8355061392281138,2,1,0.0,0.0,4.0,1.0,0.5,0.4232383105942735,0.9018325194487217,0.27902544570118737,1.8355061392281138,0
0.0,0.0,4.0,1.0,0.5,0.4232383105942735,0.9018325194487217,0.27902544570118737,1.8355061392281138,0,1,0.0,0.0,4.0,1.0,0.5,0.4232383105942735,0.9018325194487217,0.27902544570118737,1.8355061392281138,0
0.0,0.0,4.0,2.0,1.0,0.4232383105942735,0.9018325194487217,0.27902544570118737,1.8355061392281138,3,1,0.0,0.0,4.0,2.0,1.0,0.4232383105942735,0.9018325194487217,0.27902544570118737,1.8355061392281138,0
0.0,0.0,4.0,2.0,1.0,0.4232383105942735,0.9018325194487217,0.27902544570118737,1.8355061392281138,3,1,0.0,0.0,4.0,2.0,1.0,0.4232383105942735,0.9018325194487217,0.27902544570118737,1.8355061392281138,0
0.0,0.0,4.0,1.0,0.5,0.4232383105942735,0.9018325194487217,0.27902544570118737,1.8355061392281138,2,1,0.0,0.0,4.0,1.0,0.5,0.4232383105942735,0.9018325194487217,0.27902544570118737,1.8355061392281138,0
0.0,0.0,4.0,1.0,0.5,0.4232383105942735,0.9018325194487217,0.27902544570118737,1.8355061392281138,0,1,0.0,0.0,4.0,1.0,0.5,0.4232383105942735,0.9018325194487217,0.27902544570118737,1.8355061392281138,0
0.0,0.0,4.0,0.0,0.0,0.4232383105942735,0.9018325194487217,0.27902544570118737,1.8355061392281138,1,1,0.0,0.0,4.0,0.0,0.0,0.4232383105942735,0.9018325194487217,0.27902544570118737,1.8355061392281138,0
0.0,0.0,4.0,2.0,1.0,0.4232383105942735,0.9018325194487217,0.27902544570118737,1.8355061392281138,3,1,0.0,0.0,4.0,2.0,1.0,0.4232383105942735,0.9018325194487217,0.27902544570118737,1.8355061392281138,0
0.0,0.0,4.0,2.0,1.0,0.4232383105942735,0.9018325194487217,0.27902544570118737,1.8355061392281138,0,1,0.0,0.0,4.0,2.0,1.0,0.4232383105942735,0.9018325194487217,0.27902544570118737,1.8355061392281138,0
0.0,0.0,4.0,0.0,0.0,0.4232383105942735,0.9018325194487217,0.27902544570118737,1.8355061392281138,1,1,0.0,0.0,4.0,0.0,0.0,0.4232383105942735,0.9018325194487217,0.27902544570118737,1.8355061392281138,0
0.0,0.0,4.0,0.0,0.0,0.4232383105942735,0.9018325194487217,0.27902544570118737,1.8355061392281138,1,1,0.0,0.0,4.0,0.0,0.0,0.4232383105942735,0.9018325194487217,0.27902544570118737,1.8355061392281138,0
0.0,0.0,4.0,1.0,0.5,0.4232383105942735,0.9018325194487217,0.27902544570118737,1.8355061392281138,2,1,0.0,0.0,4.0,1.0,0.5,0.4232383105942735,0.9018325194487217,0.27902544570118737,1.8355061392281138,0
0.0,0.0,4.0,1.0,0.5,0.4232383105942735,0.9018325194487217,0.27902544570118737,1.8355061392281138,2,1,0.0,0.0,4.0,1.0,0.5,0.4232383105942735,0.9018325194487217,0.27902544570118737,1.8355061392281138,0
0.0,0.0,4.0,1.0,0.5,0.4232383105942735,0.9018325194487217,0.27902544570118737,1.8355061392281138,0,1,0.0,0.0,4.0,1.0,0.5,0.4232383105942735,0.9018325194487217,0.27902544570118737,1.8355061392281138,0
0.0,0.0,4.0,2.0,1.0,0.4232383105942735,0.9018325194487217,0.27902544570118737,1.8355061392281138,3,1,0.0,0.0,4.0,2.0,1.0,0.4232383105942735,0.9018325194487217,0.27902544570118737,1.8355061392281138,0
0.0,0.0,4.0,0.0,0.0,0.4232383105942735,0.9018325194487217,0.27902544570118737,1.8355061392281138,1,1,0.0,0.0,4.0,0.0,0.0,0.4232383105942735,0.9018325194487217,0.27902544570118737,1.8355061392281138,0
0.0,0.0,4.0,0.0,0.0,0.4232383105942735,0.9018325194487217,0.27902544570118737,1.8355061392281138,1,1,0.0,0.0,4.0,0.0,0.0,0.4232383105942735,0.9018325194487217,0.27902544570118737,1.8355061392281138,0
0.0,0.0,4.0,2.0,1.0,0.4232383105942735,0.9018325194487217,0.27902544570118737,1.8355061392281138,3,1,0.0,0.0,4.0,2.0,1.0,0.4232383105942735,0.9018325194487217,0.27902544570118737,1.8355061392281138,0
0.0,0.0,4.0,0.0,0.0,0.4232383105942735,0.9018325194487217,0.27902544570118737,1.8355061392281138,1,1,0.0,0.0,4.0,0.0,0.0,0.4232383105942735,0.9018325194487217,0.27902544570118737,1.8355061392281138,0
0.0,0.0,4.0,0.0,0.0,0.4232383105942735,0.9018325194487217,0.27902544570118737,1.8355061392281138,0,1,0.0,0.0,4.0,0.0,0.0,0.4232383105942735,0.9018325194487217,0.27902544570118737,1.8355061392281138,0
0.0,0.0,4.0,0.0,0.0,0.4232383105942735,0.9018325194487217,0.27902544570118737,1.8355061392281138,0,1,0.0,0.0,4.0,0.0,0.0,0.4232383105942735,0.9018325194487217,0.27902544570118737,1.8355061392281138,0
0.0,0.0,4.0,1.0,0.5,0.4232383105942735,0.9018325194487217,0.27902544570118737,1.8355061392281138,2,1,0.0,0.0,4.0,1.0,0.5,0.4232383105942735,0.9018325194487217,0.27902544570118737,1.8355061392281138,1
0.0,0.0,11.0,0.0,0.0,0.3013985563765911,0.1389478807071679,0.8421514912325658,1.8900430028436475,1,0,0.0,0.0,11.0,0.0,0.0,0.3013985563765911,0.1389478807071679,0.8421514912325658,1.8900430028436475,0
0.0,0.0,11.0,0.0,0.0,0.3013985563765911,0.1389478807071679,0.8421514912325658,1.8900430028436475,0,0,0.0,0.0,11.0,0.0,0.0,0.3013985563765911,0.1389478807071679,0.8421514912325658,1.8900430028436475,0
0.0,0.0,11.0,1.0,0.5,0.3013985563765911,0.1389478807071679,0.8421514912325658,1.8900430028436475,2,0,0.0,0.0,11.0,1.0,0.5,0.3013985563765911,0.1389478807071679,0.8421514912325658,1.8900430028436475,0
0.0,0.0,11.0,1.0,0.5,0.3013985563765911,0.1389478807071679,0.8421514912325658,1.8900430028436475,0,0,0.0,0.0,11.0,1.0,0.5,0.3013985563765911,0.1389478807071679,0.8421514912325658,1.8900430028436475,0
0.0,0.0,11.0,1.0,0.5,0.3013985563765911,0.1389478807071679,0.8421514912325658,1.8900430028436475,0,0,0.0,0.0,11.0,1.0,0.5,0.3013985563765911,0.1389478807071679,0.8421514912325658,1.8900430028436475,1
0.0,0.0,9.0,0.0,0.2050816131493517,0.993688738413174,0.8877249991248164,0.18951802470866097,1.5742057082019985,0,1,0.0,0.0,9.0,0.0,0.2050816131493517,0.993688738413174,0.8877249991248164,0.18951802470866097,1.5742057082019985,0
0.0,0.0,9.0,0.0,0.0,0.993688738413174,0.8877249991248164,0.18951802470866097,1.5742057082019985,1,1,0.0,0.0,9.0,0.0,0.0,0.993688738413174,0.8877249991248164,0.18951802470866097,1.5742057082019985,0
0.0,0.0,9.0,1.0,0.5,0.993688738413174,0.8877249991248164,0.18951802470866097,1.5742057082019985,2,1,0.0,0.0,9.0,1.0,0.5,0.993688738413174,0.8877249991248164,0.18951802470866097,1.5742057082019985,0
0.0,0.0,9.0,2.0,1.0,0.993688738413174,0.8877249991248164,0.18951802470866097,1.5742057082019985,3,1,0.0,0.0,9.0,2.0,1.0,0.993688738413174,0.8877249991248164,0.18951802470866097,1.5742057082019985,1
0.0,0.0,16.0,2.0,1.0,0.3416509680637636,0.5754189478607535,0.6136927641603129,1.073120744843592,3,0,0.0,0.0,16.0,2.0,1.0,0.3416509680637636,0.5754189478607535,0.6136927641603129,1.073120744843592,0
0.0,0.0,16.0,2.0,1.0,0.3416509680637636,0.5754189478607535,0.6136927641603129,1.073120744843592,3,0,0.0,0.0,16.0,2.0,1.0,0.3416509680637636,0.5754189478607535,0.6136927641603129,1.073120744843592,0
0.0,0.0,16.0,0.0,0.0,0.3416509680637636,0.5754189478607535,0.6136927641603129,1.073120744843592,1,0,0.0,0.0,16.0,0.0,0.0,0.3416509680637636,0.5754189478607535,0.6136927641603129,1.073120744843592,1
0.0,0.0,1.0,2.0,1.0,0.8593551609006389,0.7543254545779043,0.6796480763157743,1.5632796632163422,3,1,0.0,0.0,1.0,2.0,1.0,0.8593551609006389,0.7543254545779043,0.6796480763157743,1.5632796632163422,0
0.0,0.0,1.0,2.0,1.0,0.8593551609006389,0.7543254545779043,0.6796480763157743,1.5632796632163422,3,1,0.0,0.0,1.0,2.0,1.0,0.8593551609006389,0.7543254545779043,0.6796480763157743,1.5632796632163422,0
0.0,0.0,1.0,0.0,0.0,0.8593551609006389,0.7543254545779043,0.6796480763157743,1.5632796632163422,1,1,0.0,0.0,1.0,0.0,0.0,0.8593551609006389,0.7543254545779043,0.6796480763157743,1.5632796632163422,0
0.0,0.0,1.0,0.0,0.0,0.8593551609006389,0.7543254545779043,0.6796480763157743,1.5632796632163422,0,1,0.0,0.0,1.0,0.0,0.0,0.8593551609006389,0.7543254545779043,0.6796480763157743,1.5632796632163422,0
0.0,0.0,1.0,2.0,1.0,0.8593551609006389,0.7543254545779043,0.6796480763157743,1.5632796632163422,3,1,0.0,0.0,1.0,2.0,1.0,0.8593551609006389,0.7543254545779043,0.6796480763157743,1.5632796632163422,0
0.0,0.0,1.0,0.0,0.0,0.8593551609006389,0.7543254545779043,0.6796480763157743,1.5632796632163422,1,1,0.0,0.0,1.0,0.0,0.0,0.8593551609006389,0.7543254545779043,0.6796480763157743,1.5632796632163422,0
0.0,0.0,1.0,0.0,0.0,0.8593551609006389,0.7543254545779043,0.6796480763157743,1.5632796632163422,1,1,0.0,0.0,1.0,0.0,0.0,0.8593551609006389,0.7543254545779043,0.6796480763157743,1.5632796632163422,0
0.0,0.0,1.0,2.0,1.0,0.8593551609006389,0.7543254545779043,0.6796480763157743,1.5632796632163422,3,1,0.0,0.0,1.0,2.0,1.0,0.8593551609006389,0.7543254545779043,0.6796480763157743,1.5632796632163422,0
0.0,0.0,1.0,0.0,0.0,0.8593551609006389,0.7543254545779043,0.6796480763157743,1.5632796632163422,1,1,0.0,0.0,1.0,0.0,0.0,0.8593551609006389,0.7543254545779043,0.6796480763157743,1.5632796632163422,0
0.0,0.0,1.0,0.0,0.0,0.8593551609006389,0.7543254545779043,0.6796480763157743,1.5632796632163422,0,1,0.0,0.0,1.0,0.0,0.0,0.8593551609006389,0.7543254545779043,0.6796480763157743,1.5632796632163422,0
0.0,0.0,1.0,1.0,0.5,0.8593551609006389,0.7543254545779043,0.6796480763157743,1.5632796632163422,2,1,0.0,0.0,1.0,1.0,0.5,0.8593551609006389,0.7543254545779043,0.6796480763157743,1.5632796632163422,0
0.0,0.0,1.0,1.0,0.5,0.8593551609006389,0.7543254545779043,0.6796480763157743,1.5632796632163422,0,1,0.0,0.0,1.0,1.0,0.5,0.8593551609006389,0.7543254545779043,0.6796480763157743,1.5632796632163422,0
0.0,0.0,1.0,0.0,0.0,0.8593551609006389,0.7543254545779043,0.6796480763157743,1.5632796632163422,1,1,0.0,0.0,1.0,0.0,0.0,0.8593551609006389,0.7543254545779043,0.6796480763157743,1.5632796632163422,1
0.0,0.0,4.0,2.0,1.0,0.4810424504506824,0.4877375242392561,0.4592627178795352,1.852501892881759,3,1,0.0,0.0,4.0,2.0,1.0,0.4810424504506824,0.4877375242392561,0.4592627178795352,1.852501892881759,1
0.0,0.0,14.0,2.0,1.0,0.707907018157662,0.31080220202759967,0.6899775174281094,1.5044577198300597,3,0,0.0,0.0,14.0,2.0,1.0,0.707907018157662,0.31080220202759967,0.6899775174281094,1.5044577198300597,0
0.0,0.0,14.0,1.0,0.5,0.707907018157662,0.31080220202759967,0.6899775174281094,1.5044577198300597,2,0,0.0,0.0,14.0,1.0,0.5,0.707907018157662,0.31080220202759967,0.6899775174281094,1.5044577198300597,1
0.0,0.0,8.0,1.0,0.5,0.25911170301722286,0.21092789277841006,0.20034729615568314,1.2719292649271412,2,1,0.0,0.0,8.0,1.0,0.5,0.25911170301722286,0.21092789277841006,0.20034729615568314,1.2719292649271412,1
0.0,0.0,3.0,2.0,1.0,0.13526295632198504,0.40400807091879565,0.03836396506513662,1.980743826490123,3,1,0.0,0.0,3.0,2.0,1.0,0.13526295632198504,0.40400807091879565,0.03836396506513662,1.980743826490123,1
0.0,0.0,1.0,1.0,0.5,0.749838055614361,0.7120828900141375,0.05910162798444829,1.1689718991327127,2,1,0.0,0.0,1.0,1.0,0.5,0.749838055614361,0.7120828900141375,0.05910162798444829,1.1689718991327127,0
0.0,0.0,1.0,2.0,1.0,0.749838055614361,0.7120828900141375,0.05910162798444829,1.1689718991327127,3,1,0.0,0.0,1.0,2.0,1.0,0.749838055614361,0.7120828900141375,0.05910162798444829,1.1689718991327127,0
0.0,0.0,1.0,1.0,0.5,0.749838055614361,0.7120828900141375,0.05910162798444829,1.1689718991327127,2,1,0.0,0.0,1.0,1.0,0.5,0.749838055614361,0.7120828900141375,0.05910162798444829,1.1689718991327127,0
0.0,0.0,1.0,2.0,1.0,0.749838055614361,0.7120828900141375,0.05910162798444829,1.1689718991327127,3,1,0.0,0.0,1.0,2.0,1.0,0.749838055614361,0.7120828900141375,0.05910162798444829,1.1689718991327127,1
0.0,0.0,7.0,0.0,0.17733033754186733,0.40092878933255904,0.3785668292345197,0.2375585248208626,1.6140691916637164,0,1,0.0,0.0,7.0,0.0,0.17733033754186733,0.40092878933255904,0.3785668292345197,0.2375585248208626,1.6140691916637164,0
0.0,0.0,7.0,1.0,0.5,0.40092878933255904,0.3785668292345197,0.2375585248208626,1.6140691916637164,2,1,0.0,0.0,7.0,1.0,0.5,0.40092878933255904,0.3785668292345197,0.2375585248208626,1.6140691916637164,0
0.0,0.0,7.0,1.0,0.5,0.40092878933255904,0.3785668292345197,0.2375585248208626,1.6140691916637164,0,1,0.0,0.0,7.0,1.0,0.5,0.40092878933255904,0.3785668292345197,0.2375585248208626,1.6140691916637164,1
0.0,0.0,1.0,0.0,0.0,0.509170234001577,0.5482445848666339,0.8113752726804745,1.5052565719620539,1,1,0.0,0.0,1.0,0.0,0.0,0.509170234001577,0.5482445848666339,0.8113752726804745,1.5052565719620539,1
0.0,0.0,8.0,0.0,0.0,0.6964876640559451,0.361143636887455,0.050890833985351214,1.1872662684621962,1,1,0.0,0.0,8.0,0.0,0.0,0.6964876640559451,0.361143636887455,0.050890833985351214,1.1872662684621962,0
0.0,0.0,8.0,2.0,1.0,0.6964876640559451,0.361143636887455,0.050890833985351214,1.1872662684621962,3,1,0.0,0.0,8.0,2.0,1.0,0.6964876640559451,0.361143636887455,0.050890833985351214,1.1872662684621962,0
0.0,0.0,8.0,1.0,0.5,0.6964876640559451,0.361143636887455,0.050890833985351214,1.1872662684621962,2,1,0.0,0.0,8.0,1.0,0.5,0.6964876640559451,0.361143636887455,0.050890833985351214,1.1872662684621962,1
0.0,0.0,3.0,1.0,0.5,0.2577858240209756,0.20555767427045357,0.9026146870870777,1.715249872325987,2,1,0.0,0.0,3.0,1.0,0.5,0.2577858240209756,0.20555767427045357,0.9026146870870777,1.715249872325987,0
0.0,0.0,3.0,1.0,0.5,0.2577858240209756,0.20555767427045357,0.9026146870870777,1.715249872325987,0,1,0.0,0.0,3.0,1.0,0.5,0.2577858240209756,0.20555767427045357,0.9026146870870777,1.715249872325987,0
0.0,0.0,3.0,2.0,1.0,0.2577858240209756,0.20555767427045357,0.9026146870870777,1.715249872325987,3,1,0.0,0.0,3.0,2.0,1.0,0.2577858240209756,0.20555767427045357,0.9026146870870777,1.715249872325987,0
0.0,0.0,3.0,1.0,0.5,0.2577858240209756,0.20555767427045357,0.9026146870870777,1.715249872325987,2,1,0.0,0.0,3.0,1.0,0.5,0.2577858240209756,0.20555767427045357,0.9026146870870777,1.715249872325987,0
0.0,0.0,3.0,1.0,0.5,0.2577858240209756,0.20555767427045357,0.9026146870870777,1.715249872325987,0,1,0.0,0.0,3.0,1.0,0.5,0.2577858240209756,0.20555767427045357,0.9026146870870777,1.715249872325987,0
0.0,0.0,3.0,2.0,1.0,0.2577858240209756,0.20555767427045357,0.9026146870870777,1.715249872325987,3,1,0.0,0.0,3.0,2.0,1.0,0.2577858240209756,0.20555767427045357,0.9026146870870777,1.715249872325987,0
0.0,0.0,3.0,2.0,1.0,0.2577858240209756,0.20555767427045357,0.9026146870870777,1.715249872325987,3,1,0.0,0.0,3.0,2.0,1.0,0.2577858240209756,0.20555767427045357,0.9026146870870777,1.715249872325987,0
0.0,0.0,3.0,2.0,1.0,0.2577858240209756,0.20555767427045357,0.9026146870870777,1.715249872325987,3,1,0.0,0.0,3.0,2.0,1.0,0.2577858240209756,0.20555767427045357,0.9026146870870777,1.715249872325987,0
0.0,0.0,3.0,1.0,0.5,0.2577858240209756,0.20555767427045357,0.9026146870870777,1.715249872325987,2,1,0.0,0.0,3.0,1.0,0.5,0.2577858240209756,0.20555767427045357,0.9026146870870777,1.715249872325987,0
0.0,0.0,3.0,2.0,1.0,0.2577858240209756,0.20555767427045357,0.9026146870870777,1.715249872325987,3,1,0.0,0.0,3.0,2.0,1.0,0.2577858240209756,0.20555767427045357,0.9026146870870777,1.715249872325987,0
0.0,0.0,3.0,0.0,0.0,0.2577858240209756,0.20555767427045357,0.9026146870870777,1.715249872325987,1,1,0.0,0.0,3.0,0.0,0.0,0.2577858240209756,0.20555767427045357,0.9026146870870777,1.715249872325987,0
0.0,0.0,3.0,0.0,0.0,0.2577858240209756,0.20555767427045357,0.9026146870870777,1.715249872325987,1,1,0.0,0.0,3.0,0.0,0.0,0.2577858240209756,0.20555767427045357,0.9026146870870777,1.715249872325987,1
0.0,0.0,3.0,0.0,0.9679246031854899,0.6001588898053778,0.2137727416608317,0.9864159636216167,1.1620705895112222,0,1,0.0,0.0,3.0,0.0,0.9679246031854899,0.6001588898053778,0.2137727416608317,0.9864159636216167,1.1620705895112222,0
0.0,0.0,3.0,2.0,1.0,0.6001588898053778,0.2137727416608317,0.9864159636216167,1.1620705895112222,3,1,0.0,0.0,3.0,2.0,1.0,0.6001588898053778,0.2137727416608317,0.9864159636216167,1.1620705895112222,0
0.0,0.0,3.0,0.0,0.0,0.6001588898053778,0.2137727416608317,0.9864159636216167,1.1620705895112222,1,1,0.0,0.0,3.0,0.0,0.0,0.6001588898053778,0.2137727416608317,0.9864159636216167,1.1620705895112222,0
0.0,0.0,3.0,0.0,0.0,0.6001588898053778,0.2137727416608317,0.9864159636216167,1.1620705895112222,1,1,0.0,0.0,3.0,0.0,0.0,0.6001588898053778,0.2137727416608317,0.9864159636216167,1.1620705895112222,0
0.0,0.0,3.0,0.0,0.0,0.6001588898053778,0.2137727416608317,0.9864159636216167,1.1620705895112222,0,1,0.0,0.0,3.0,0.0,0.0,0.6001588898053778,0.2137727416608317,0.9864159636216167,1.1620705895112222,0
0.0,0.0,3.0,0.0,0.0,0.6001588898053778,0.2137727416608317,0.9864159636216167,1.1620705895112222,0,1,0.0,0.0,3.0,0.0,0.0,0.6001588898053778,0.2137727416608317,0.9864159636216167,1.1620705895112222,0
0.0,0.0,3.0,0.0,0.0,0.6001588898053778,0.2137727416608317,0.9864159636216167,1.1620705895112222,0,1,0.0,0.0,3.0,0.0,0.0,0.6001588898053778,0.2137727416608317,0.9864159636216167,1.1620705895112222,0
0.0,0.0,3.0,2.0,1.0,0.6001588898053778,0.2137727416608317,0.9864159636216167,1.1620705895112222,3,1,0.0,0.0,3.0,2.0,1.0,0.6001588898053778,0.2137727416608317,0.9864159636216167,1.1620705895112222,0
0.0,0.0,3.0,2.0,1.0,0.6001588898053778,0.2137727416608317,0.9864159636216167,1.1620705895112222,3,1,0.0,0.0,3.0,2.0,1.0,0.6001588898053778,0.2137727416608317,0.9864159636216167,1.1620705895112222,0
0.0,0.0,3.0,2.0,1.0,0.6001588898053778,0.2137727416608317,0.9864159636216167,1.1620705895112222,3,1,0.0,0.0,3.0,2.0,1.0,0.6001588898053778,0.2137727416608317,0.9864159636216167,1.1620705895112222,0
0.0,0.0,3.0,0.0,0.0,0.6001588898053778,0.2137727416608317,0.9864159636216167,1.1620705895112222,1,1,0.0,0.0,3.0,0.0,0.0,0.6001588898053778,0.2137727416608317,0.9864159636216167,1.1620705895112222,0
0.0,0.0,3.0,0.0,0.0,0.6001588898053778,0.2137727416608317,0.9864159636216167,1.1620705895112222,1,1,0.0,0.0,3.0,0.0,0.0,0.6001588898053778,0.2137727416608317,0.9864159636216167,1.1620705895112222,0
0.0,0.0,3.0,0.0,0.0,0.6001588898053778,0.2137727416608317,0.9864159636216167,1.1620705895112222,1,1,0.0,0.0,3.0,0.0,0.0,0.6001588898053778,0.2137727416608317,0.9864159636216167,1.1620705895112222,0
0.0,0.0,3.0,0.0,0.0,0.6001588898053778,0.2137727416608317,0.9864159636216167,1.1620705895112222,0,1,0.0,0.0,3.0,0.0,0.0,0.6001588898053778,0.2137727416608317,0.9864159636216167,1.1620705895112222,0
0.0,0.0,3.0,2.0,1.0,0.6001588898053778,0.2137727416608317,0.9864159636216167,1.1620705895112222,3,1,0.0,0.0,3.0,2.0,1.0,0.6001588898053778,0.2137727416608317,0.9864159636216167,1.1620705895112222,0
0.0,0.0,3.0,2.0,1.0,0.6001588898053778,0.2137727416608317,0.9864159636216167,1.1620705895112222,3,1,0.0,0.0,3.0,2.0,1.0,0.6001588898053778,0.2137727416608317,0.9864159636216167,1.1620705895112222,0
0.0,0.0,3.0,1.0,0.5,0.6001588898053778,0.2137727416608317,0.9864159636216167,1.1620705895112222,2,1,0.0,0.0,3.0,1.0,0.5,0.6001588898053778,0.2137727416608317,0.9864159636216167,1.1620705895112222,0
0.0,0.0,3.0,2.0,1.0,0.6001588898053778,0.2137727416608317,0.9864159636216167,1.1620705895112222,3,1,0.0,0.0,3.0,2.0,1.0,0.6001588898053778,0.2137727416608317,0.9864159636216167,1.1620705895112222,0
0.0,0.0,3.0,0.0,0.0,0.6001588898053778,0.2137727416608317,0.9864159636216167,1.1620705895112222,1,1,0.0,0.0,3.0,0.0,0.0,0.6001588898053778,0.2137727416608317,0.9864159636216167,1.1620705895112222,0
0.0,0.0,3.0,0.0,0.0,0.6001588898053778,0.2137727416608317,0.9864159636216167,1.1620705895112222,1,1,0.0,0.0,3.0,0.0,0.0,0.6001588898053778,0.2137727416608317,0.9864159636216167,1.1620705895112222,0
0.0,0.0,3.0,0.0,0.0,0.6001588898053778,0.2137727416608317,0.9864159636216167,1.1620705895112222,0,1,0.0,0.0,3.0,0.0,0.0,0.6001588898053778,0.2137727416608317,0.9864159636216167,1.1620705895112222,0
0.0,0.0,3.0,1.0,0.5,0.6001588898053778,0.2137727416608317,0.9864159636216167,1.1620705895112222,2,1,0.0,0.0,3.0,1.0,0.5,0.6001588898053778,0.2137727416608317,0.9864159636216167,1.1620705895112222,1
0.0,0.0,12.0,0.0,0.0,0.01102313788564957,0.39699511372636365,0.7648924257111833,1.5826680664296666,1,0,0.0,0.0,12.0,0.0,0.0,0.01102313788564957,0.39699511372636365,0.7648924257111833,1.5826680664296666,0
0.0,0.0,12.0,1.0,0.5,0.01102313788564957,0.39699511372636365,0.7648924257111833,1.5826680664296666,2,0,0.0,0.0,12.0,1.0,0.5,0.01102313788564957,0.39699511372636365,0.7648924257111833,1.5826680664296666,0
0.0,0.0,12.0,1.0,0.5,0.01102313788564957,0.39699511372636365,0.7648924257111833,1.5826680664296666,2,0,0.0,0.0,12.0,1.0,0.5,0.01102313788564957,0.39699511372636365,0.7648924257111833,1.5826680664296666,1
0.0,0.0,9.0,2.0,1.0,0.6076041006042401,0.7379699711055797,0.9043478303157955,1.3810027106102791,3,1,0.0,0.0,9.0,2.0,1.0,0.6076041006042401,0.7379699711055797,0.9043478303157955,1.3810027106102791,0
0.0,0.0,9.0,2.0,1.0,0.6076041006042401,0.7379699711055797,0.9043478303157955,1.3810027106102791,0,1,0.0,0.0,9.0,2.0,1.0,0.6076041006042401,0.7379699711055797,0.9043478303157955,1.3810027106102791,0
0.0,0.0,9.0,0.0,0.0,0.6076041006042401,0.7379699711055797,0.9043478303157955,1.3810027106102791,1,1,0.0,0.0,9.0,0.0,0.0,0.6076041006042401,0.7379699711055797,0.9043478303157955,1.3810027106102791,0
0.0,0.0,9.0,2.0,1.0,0.6076041006042401,0.7379699711055797,0.9043478303157955,1.3810027106102791,3,1,0.0,0.0,9.0,2.0,1.0,0.6076041006042401,0.7379699711055797,0.9043478303157955,1.3810027106102791,0
0.0,0.0,9.0,1.0,0.5,0.6076041006042401,0.7379699711055797,0.9043478303157955,1.3810027106102791,2,1,0.0,0.0,9.0,1.0,0.5,0.6076041006042401,0.7379699711055797,0.9043478303157955,1.3810027106102791,0
0.0,0.0,9.0,2.0,1.0,0.6076041006042401,0.7379699711055797,0.9043478303157955,1.3810027106102791,3,1,0.0,0.0,9.0,2.0,1.0,0.6076041006042401,0.7379699711055797,0.9043478303157955,1.3810027106102791,0
0.0,0.0,9.0,1.0,0.5,0.6076041006042401,0.7379699711055797,0.9043478303157955,1.3810027106102791,2,1,0.0,0.0,9.0,1.0,0.5,0.6076041006042401,0.7379699711055797,0.9043478303157955,1.3810027106102791,0
0.0,0.0,9.0,1.0,0.5,0.6076041006042401,0.7379699711055797,0.9043478303157955,1.3810027106102791,0,1,0.0,0.0,9.0,1.0,0.5,0.6076041006042401,0.7379699711055797,0.9043478303157955,1.3810027106102791,0
0.0,0.0,9.0,1.0,0.5,0.6076041006042401,0.7379699711055797,0.9043478303157955,1.3810027106102791,0,1,0.0,0.0,9.0,1.0,0.5,0.6076041006042401,0.7379699711055797,0.9043478303157955,1.3810027106102791,1
0.0,0.0,17.0,1.0,0.2509971713257181,0.14201463945481652,0.4598672101950141,0.6194411277608953,1.0787020226205017,0,0,0.0,0.0,17.0,1.0,0.2509971713257181,0.14201463945481652,0.4598672101950141,0.6194411277608953,1.0787020226205017,0
0.0,0.0,17.0,2.0,1.0,0.14201463945481652,0.4598672101950141,0.6194411277608953,1.0787020226205017,3,0,0.0,0.0,17.0,2.0,1.0,0.14201463945481652,0.4598672101950141,0.6194411277608953,1.0787020226205017,0
0.0,0.0,17.0,2.0,1.0,0.14201463945481652,0.4598672101950141,0.6194411277608953,1.0787020226205017,0,0,0.0,0.0,17.0,2.0,1.0,0.14201463945481652,0.4598672101950141,0.6194411277608953,1.0787020226205017,0
0.0,0.0,17.0,2.0,1.0,0.14201463945481652,0.4598672101950141,0.6194411277608953,1.0787020226205017,3,0,0.0,0.0,17.0,2.0,1.0,0.14201463945481652,0.4598672101950141,0.6194411277608953,1.0787020226205017,0
0.0,0.0,17.0,2.0,1.0,0.14201463945481652,0.4598672101950141,0.6194411277608953,1.0787020226205017,0,0,0.0,0.0,17.0,2.0,1.0,0.14201463945481652,0.4598672101950141,0.6194411277608953,1.0787020226205017,0
0.0,0.0,17.0,2.0,1.0,0.14201463945481652,0.4598672101950141,0.6194411277608953,1.0787020226205017,3,0,0.0,0.0,17.0,2.0,1.0,0.14201463945481652,0.4598672101950141,0.6194411277608953,1.0787020226205017,0
0.0,0.0,17.0,2.0,1.0,0.14201463945481652,0.4598672101950141,0.6194411277608953,1.0787020226205017,3,0,0.0,0.0,17.0,2.0,1.0,0.14201463945481652,0.4598672101950141,0.6194411277608953,1.0787020226205017,0
0.0,0.0,17.0,2.0,1.0,0.14201463945481652,0.4598672101950141,0.6194411277608953,1.0787020226205017,0,0,0.0,0.0,17.0,2.0,1.0,0.14201463945481652,0.4598672101950141,0.6194411277608953,1.0787020226205017,0
0.0,0.0,17.0,2.0,1.0,0.14201463945481652,0.4598672101950141,0.6194411277608953,1.0787020226205017,0,0,0.0,0.0,17.0,2.0,1.0,0.14201463945481652,0.4598672101950141,0.6194411277608953,1.0787020226205017,1
0.0,0.0,3.0,2.0,1.0,0.2720948638519948,0.28907259584434153,0.9410757199432824,1.5251451545368755,3,1,0.0,0.0,3.0,2.0,1.0,0.2720948638519948,0.28907259584434153,0.9410757199432824,1.5251451545368755,0
0.0,0.0,3.0,2.0,1.0,0.2720948638519948,0.28907259584434153,0.9410757199432824,1.5251451545368755,0,1,0.0,0.0,3.0,2.0,1.0,0.2720948638519948,0.28907259584434153,0.9410757199432824,1.5251451545368755,0
0.0,0.0,3.0,2.0,1.0,0.2720948638519948,0.28907259584434153,0.9410757199432824,1.5251451545368755,0,1,0.0,0.0,3.0,2.0,1.0,0.2720948638519948,0.28907259584434153,0.9410757199432824,1.5251451545368755,0
0.0,0.0,3.0,1.0,0.5,0.2720948638519948,0.28907259584434153,0.9410757199432824,1.5251451545368755,2,1,0.0,0.0,3.0,1.0,0.5,0.2720948638519948,0.28907259584434153,0.9410757199432824,1.5251451545368755,1
0.0,0.0,14.0,1.0,0.5,0.4390404548193143,0.22479945097288645,0.2300973007658903,1.145636089359158,2,0,0.0,0.0,14.0,1.0,0.5,0.4390404548193143,0.22479945097288645,0.2300973007658903,1.145636089359158,0
0.0,0.0,14.0,0.0,0.0,0.4390404548193143,0.22479945097288645,0.2300973007658903,1.145636089359158,1,0,0.0,0.0,14.0,0.0,0.0,0.4390404548193143,0.22479945097288645,0.2300973007658903,1.145636089359158,0
0.0,0.0,14.0,0.0,0.0,0.4390404548193143,0.22479945097288645,0.2300973007658903,1.145636089359158,0,0,0.0,0.0,14.0,0.0,0.0,0.4390404548193143,0.22479945097288645,0.2300973007658903,1.145636089359158,0
0.0,0.0,14.0,1.0,0.5,0.4390404548193143,0.22479945097288645,0.2300973007658903,1.145636089359158,2,0,0.0,0.0,14.0,1.0,0.5,0.4390404548193143,0.22479945097288645,0.2300973007658903,1.145636089359158,0
0.0,0.0,14.0,1.0,0.5,0.4390404548193143,0.22479945097288645,0.2300973007658903,1.145636089359158,0,0,0.0,0.0,14.0,1.0,0.5,0.4390404548193143,0.22479945097288645,0.2300973007658903,1.145636089359158,0
0.0,0.0,14.0,2.0,1.0,0.4390404548193143,0.22479945097288645,0.2300973007658903,1.145636089359158,3,0,0.0,0.0,14.0,2.0,1.0,0.4390404548193143,0.22479945097288645,0.2300973007658903,1.145636089359158,0
0.0,0.0,14.0,2.0,1.0,0.4390404548193143,0.22479945097288645,0.2300973007658903,1.145636089359158,3,0,0.0,0.0,14.0,2.0,1.0,0.4390404548193143,0.22479945097288645,0.2300973007658903,1.145636089359158,0
0.0,0.0,14.0,2.0,1.0,0.4390404548193143,0.22479945097288645,0.2300973007658903,1.145636089359158,0,0,0.0,0.0,14.0,2.0,1.0,0.4390404548193143,0.22479945097288645,0.2300973007658903,1.145636089359158,0
0.0,0.0,14.0,1.0,0.5,0.4390404548193143,0.22479945097288645,0.2300973007658903,1.145636089359158,2,0,0.0,0.0,14.0,1.0,0.5,0.4390404548193143,0.22479945097288645,0.2300973007658903,1.145636089359158,0
0.0,0.0,14.0,2.0,1.0,0.4390404548193143,0.22479945097288645,0.2300973007658903,1.145636089359158,3,0,0.0,0.0,14.0,2.0,1.0,0.4390404548193143,0.22479945097288645,0.2300973007658903,1.145636089359158,0
0.0,0.0,14.0,0.0,0.0,0.4390404548193143,0.22479945097288645,0.2300973007658903,1.145636089359158,1,0,0.0,0.0,14.0,0.0,0.0,0.4390404548193143,0.22479945097288645,0.2300973007658903,1.145636089359158,0
0.0,0.0,14.0,1.0,0.5,0.4390404548193143,0.22479945097288645,0.2300973007658903,1.145636089359158,2,0,0.0,0.0,14.0,1.0,0.5,0.4390404548193143,0.22479945097288645,0.2300973007658903,1.145636089359158,0
0.0,0.0,14.0,2.0,1.0,0.4390404548193143,0.22479945097288645,0.2300973007658903,1.145636089359158,3,0,0.0,0.0,14.0,2.0,1.0,0.4390404548193143,0.22479945097288645,0.2300973007658903,1.145636089359158,0
0.0,0.0,14.0,1.0,0.5,0.4390404548193143,0.22479945097288645,0.2300973007658903,1.145636089359158,2,0,0.0,0.0,14.0,1.0,0.5,0.4390404548193143,0.22479945097288645,0.2300973007658903,1.145636089359158,0
0.0,0.0,14.0,0.0,0.0,0.4390404548193143,0.22479945097288645,0.2300973007658903,1.145636089359158,1,0,0.0,0.0,14.0,0.0,0.0,0.4390404548193143,0.22479945097288645,0.2300973007658903,1.145636089359158,0
0.0,0.0,14.0,0.0,0.0,0.4390404548193143,0.22479945097288645,0.2300973007658903,1.145636089359158,0,0,0.0,0.0,14.0,0.0,0.0,0.4390404548193143,0.22479945097288645,0.2300973007658903,1.145636089359158,0
0.0,0.0,14.0,0.0,0.0,0.4390404548193143,0.22479945097288645,0.2300973007658903,1.145636089359158,0,0,0.0,0.0,14.0,0.0,0.0,0.4390404548193143,0.22479945097288645,0.2300973007658903,1.145636089359158,0
0.0,0.0,14.0,2.0,1.0,0.4390404548193143,0.22479945097288645,0.2300973007658903,1.145636089359158,3,0,0.0,0.0,14.0,2.0,1.0,0.4390404548193143,0.22479945097288645,0.2300973007658903,1.145636089359158,1
0.0,0.0,16.0,2.0,0.918924639436376,0.4387681974601181,0.6579397468374678,0.2893585460807596,1.8594938700837595,0,0,0.0,0.0,16.0,2.0,0.918924639436376,0.4387681974601181,0.6579397468374678,0.2893585460807596,1.8594938700837595,0
0.0,0.0,16.0,0.0,0.0,0.4387681974601181,0.6579397468374678,0.2893585460807596,1.8594938700837595,1,0,0.0,0.0,16.0,0.0,0.0,0.4387681974601181,0.6579397468374678,0.2893585460807596,1.8594938700837595,0
0.0,0.0,16.0,0.0,0.0,0.4387681974601181,0.6579397468374678,0.2893585460807596,1.8594938700837595,1,0,0.0,0.0,16.0,0.0,0.0,0.4387681974601181,0.6579397468374678,0.2893585460807596,1.8594938700837595,0
0.0,0.0,16.0,0.0,0.0,0.4387681974601181,0.6579397468374678,0.2893585460807596,1.8594938700837595,0,0,0.0,0.0,16.0,0.0,0.0,0.4387681974601181,0.6579397468374678,0.2893585460807596,1.8594938700837595,0
0.0,0.0,16.0,2.0,1.0,0.4387681974601181,0.6579397468374678,0.2893585460807596,1.8594938700837595,3,0,0.0,0.0,16.0,2.0,1.0,0.4387681974601181,0.6579397468374678,0.2893585460807596,1.8594938700837595,0
0.0,0.0,16.0,2.0,1.0,0.4387681974601181,0.6579397468374678,0.2893585460807596,1.8594938700837595,3,0,0.0,0.0,16.0,2.0,1.0,0.4387681974601181,0.6579397468374678,0.2893585460807596,1.8594938700837595,0
0.0,0.0,16.0,2.0,1.0,0.4387681974601181,0.6579397468374678,0.2893585460807596,1.8594938700837595,3,0,0.0,0.0,16.0,2.0,1.0,0.4387681974601181,0.6579397468374678,0.2893585460807596,1.8594938700837595,0
0.0,0.0,16.0,0.0,0.0,0.4387681974601181,0.6579397468374678,0.2893585460807596,1.8594938700837595,1,0,0.0,0.0,16.0,0.0,0.0,0.4387681974601181,0.6579397468374678,0.2893585460807596,1.8594938700837595,0
0.0,0.0,16.0,1.0,0.5,0.4387681974601181,0.6579397468374678,0.2893585460807596,1.8594938700837595,2,0,0.0,0.0,16.0,1.0,0.5,0.4387681974601181,0.6579397468374678,0.2893585460807596,1.8594938700837595,0
0.0,0.0,16.0,2.0,1.0,0.4387681974601181,0.6579397468374678,0.2893585460807596,1.8594938700837595,3,0,0.0,0.0,16.0,2.0,1.0,0.4387681974601181,0.6579397468374678,0.2893585460807596,1.8594938700837595,0
0.0,0.0,16.0,2.0,1.0,0.4387681974601181,0.6579397468374678,0.2893585460807596,1.8594938700837595,3,0,0.0,0.0,16.0,2.0,1.0,0.4387681974601181,0.6579397468374678,0.2893585460807596,1.8594938700837595,0
0.0,0.0,16.0,1.0,0.5,0.4387681974601181,0.6579397468374678,0.2893585460807596,1.8594938700837595,2,0,0.0,0.0,16.0,1.0,0.5,0.4387681974601181,0.6579397468374678,0.2893585460807596,1.8594938700837595,0
0.0,0.0,16.0,0.0,0.0,0.4387681974601181,0.6579397468374678,0.2893585460807596,1.8594938700837595,1,0,0.0,0.0,16.0,0.0,0.0,0.4387681974601181,0.6579397468374678,0.2893585460807596,1.8594938700837595,0
0.0,0.0,16.0,0.0,0.0,0.4387681974601181,0.6579397468374678,0.2893585460807596,1.8594938700837595,1,0,0.0,0.0,16.0,0.0,0.0,0.4387681974601181,0.6579397468374678,0.2893585460807596,1.8594938700837595,1
0.0,0.0,12.0,0.0,0.0,0.3793587011707873,0.6178246056309221,0.9908841477019732,1.8820289615270611,1,0,0.0,0.0,12.0,0.0,0.0,0.3793587011707873,0.6178246056309221,0.9908841477019732,1.8820289615270611,0
0.0,0.0,12.0,0.0,0.0,0.3793587011707873,0.6178246056309221,0.9908841477019732,1.8820289615270611,0,0,0.0,0.0,12.0,0.0,0.0,0.3793587011707873,0.6178246056309221,0.9908841477019732,1.8820289615270611,1
0.0,0.0,5.0,0.0,0.0,0.9555365794163074,0.5252348070888181,0.20793132195578679,1.824643089361976,1,1,0.0,0.0,5.0,0.0,0.0,0.9555365794163074,0.5252348070888181,0.20793132195578679,1.824643089361976,0
0.0,0.0,5.0,0.0,0.0,0.9555365794163074,0.5252348070888181,0.20793132195578679,1.824643089361976,1,1,0.0,0.0,5.0,0.0,0.0,0.9555365794163074,0.5252348070888181,0.20793132195578679,1.824643089361976,0
0.0,0.0,5.0,0.0,0.0,0.9555365794163074,0.5252348070888181,0.20793132195578679,1.824643089361976,1,1,0.0,0.0,5.0,0.0,0.0,0.9555365794163074,0.5252348070888181,0.20793132195578679,1.824643089361976,0
0.0,0.0,5.0,0.0,0.0,0.9555365794163074,0.5252348070888181,0.20793132195578679,1.824643089361976,1,1,0.0,0.0,5.0,0.0,0.0,0.9555365794163074,0.5252348070888181,0.20793132195578679,1.824643089361976,1
0.0,0.0,3.0,2.0,1.0,0.2958538863709179,0.9563869159807501,0.1501964793414572,1.8134760543826967,3,1,0.0,0.0,3.0,2.0,1.0,0.2958538863709179,0.9563869159807501,0.1501964793414572,1.8134760543826967,0
0.0,0.0,3.0,2.0,1.0,0.2958538863709179,0.9563869159807501,0.1501964793414572,1.8134760543826967,0,1,0.0,0.0,3.0,2.0,1.0,0.2958538863709179,0.9563869159807501,0.1501964793414572,1.8134760543826967,0
0.0,0.0,3.0,2.0,1.0,0.2958538863709179,0.9563869159807501,0.1501964793414572,1.8134760543826967,0,1,0.0,0.0,3.0,2.0,1.0,0.2958538863709179,0.9563869159807501,0.1501964793414572,1.8134760543826967,0
0.0,0.0,3.0,2.0,1.0,0.2958538863709179,0.9563869159807501,0.1501964793414572,1.8134760543826967,0,1,0.0,0.0,3.0,2.0,1.0,0.2958538863709179,0.9563869159807501,0.1501964793414572,1.8134760543826967,0
0.0,0.0,3.0,2.0,1.0,0.2958538863709179,0.9563869159807501,0.1501964793414572,1.8134760543826967,3,1,0.0,0.0,3.0,2.0,1.0,0.2958538863709179,0.9563869159807501,0.1501964793414572,1.8134760543826967,1
0.0,0.0,12.0,0.0,0.0,0.9484329327934998,0.5697282891680854,0.3140000160226063,1.0703457935245582,1,0,0.0,0.0,12.0,0.0,0.0,0.9484329327934998,0.5697282891680854,0.3140000160226063,1.0703457935245582,0
0.0,0.0,12.0,2.0,1.0,0.9484329327934998,0.5697282891680854,0.3140000160226063,1.0703457935245582,3,0,0.0,0.0,12.0,2.0,1.0,0.9484329327934998,0.5697282891680854,0.3140000160226063,1.0703457935245582,0
0.0,0.0,12.0,1.0,0.5,0.9484329327934998,0.5697282891680854,0.3140000160226063,1.0703457935245582,2,0,0.0,0.0,12.0,1.0,0.5,0.9484329327934998,0.5697282891680854,0.3140000160226063,1.0703457935245582,0
0.0,0.0,12.0,0.0,0.0,0.9484329327934998,0.5697282891680854,0.3140000160226063,1.0703457935245582,1,0,0.0,0.0,12.0,0.0,0.0,0.9484329327934998,0.5697282891680854,0.3140000160226063,1.0703457935245582,1
0.0,0.0,6.0,2.0,1.0,0.3042809130782276,0.27602804938320813,0.8215608372150369,1.4060375554406686,3,1,0.0,0.0,6.0,2.0,1.0,0.3042809130782276,0.27602804938320813,0.8215608372150369,1.4060375554406686,0
0.0,0.0,6.0,2.0,1.0,0.3042809130782276,0.27602804938320813,0.8215608372150369,1.4060375554406686,3,1,0.0,0.0,6.0,2.0,1.0,0.3042809130782276,0.27602804938320813,0.8215608372150369,1.4060375554406686,0
0.0,0.0,6.0,0.0,0.0,0.3042809130782276,0.27602804938320813,0.8215608372150369,1.4060375554406686,1,1,0.0,0.0,6.0,0.0,0.0,0.3042809130782276,0.27602804938320813,0.8215608372150369,1.4060375554406686,0
0.0,0.0,6.0,2.0,1.0,0.3042809130782276,0.27602804938320813,0.8215608372150369,1.4060375554406686,3,1,0.0,0.0,6.0,2.0,1.0,0.3042809130782276,0.27602804938320813,0.8215608372150369,1.4060375554406686,0
0.0,0.0,6.0,0.0,0.0,0.3042809130782276,0.27602804938320813,0.8215608372150369,1.4060375554406686,1,1,0.0,0.0,6.0,0.0,0.0,0.3042809130782276,0.27602804938320813,0.8215608372150369,1.4060375554406686,0
0.0,0.0,6.0,0.0,0.0,0.3042809130782276,0.27602804938320813,0.8215608372150369,1.4060375554406686,0,1,0.0,0.0,6.0,0.0,0.0,0.3042809130782276,0.27602804938320813,0.8215608372150369,1.4060375554406686,0
0.0,0.0,6.0,1.0,0.5,0.3042809130782276,0.27602804938320813,0.8215608372150369,1.4060375554406686,2,1,0.0,0.0,6.0,1.0,0.5,0.3042809130782276,0.27602804938320813,0.8215608372150369,1.4060375554406686,0
0.0,0.0,6.0,1.0,0.5,0.3042809130782276,0.27602804938320813,0.8215608372150369,1.4060375554406686,2,1,0.0,0.0,6.0,1.0,0.5,0.3042809130782276,0.27602804938320813,0.8215608372150369,1.4060375554406686,0
0.0,0.0,6.0,2.0,1.0,0.3042809130782276,0.27602804938320813,0.8215608372150369,1.4060375554406686,3,1,0.0,0.0,6.0,2.0,1.0,0.3042809130782276,0.27602804938320813,0.8215608372150369,1.4060375554406686,0
0.0,0.0,6.0,0.0,0.0,0.3042809130782276,0.27602804938320813,0.8215608372150369,1.4060375554406686,1,1,0.0,0.0,6.0,0.0,0.0,0.3042809130782276,0.27602804938320813,0.8215608372150369,1.4060375554406686,0
0.0,0.0,6.0,1.0,0.5,0.3042809130782276,0.27602804938320813,0.8215608372150369,1.4060375554406686,2,1,0.0,0.0,6.0,1.0,0.5,0.3042809130782276,0.27602804938320813,0.8215608372150369,1.4060375554406686,0
0.0,0.0,6.0,1.0,0.5,0.3042809130782276,0.27602804938320813,0.8215608372150369,1.4060375554406686,2,1,0.0,0.0,6.0,1.0,0.5,0.3042809130782276,0.27602804938320813,0.8215608372150369,1.4060375554406686,0
0.0,0.0,6.0,1.0,0.5,0.3042809130782276,0.27602804938320813,0.8215608372150369,1.4060375554406686,0,1,0.0,0.0,6.0,1.0,0.5,0.3042809130782276,0.27602804938320813,0.8215608372150369,1.4060375554406686,0
0.0,0.0,6.0,1.0,0.5,0.3042809130782276,0.27602804938320813,0.8215608372150369,1.4060375554406686,2,1,0.0,0.0,6.0,1.0,0.5,0.3042809130782276,0.27602804938320813,0.8215608372150369,1.4060375554406686,0
0.0,0.0,6.0,2.0,1.0,0.3042809130782276,0.27602804938320813,0.8215608372150369,1.4060375554406686,3,1,0.0,0.0,6.0,2.0,1.0,0.3042809130782276,0.27602804938320813,0.8215608372150369,1.4060375554406686,0
0.0,0.0,6.0,1.0,0.5,0.3042809130782276,0.27602804938320813,0.8215608372150369,1.4060375554406686,2,1,0.0,0.0,6.0,1.0,0.5,0.3042809130782276,0.27602804938320813,0.8215608372150369,1.4060375554406686,0
0.0,0.0,6.0,1.0,0.5,0.3042809130782276,0.27602804938320813,0.8215608372150369,1.4060375554406686,2,1,0.0,0.0,6.0,1.0,0.5,0.3042809130782276,0.27602804938320813,0.8215608372150369,1.4060375554406686,0
0.0,0.0,6.0,1.0,0.5,0.3042809130782276,0.27602804938320813,0.8215608372150369,1.4060375554406686,0,1,0.0,0.0,6.0,1.0,0.5,0.3042809130782276,0.27602804938320813,0.8215608372150369,1.4060375554406686,1
0.0,0.0,15.0,0.0,0.0,0.47503222818750535,0.3955890688948249,0.950593963735817,1.3209699440254927,1,0,0.0,0.0,15.0,0.0,0.0,0.47503222818750535,0.3955890688948249,0.950593963735817,1.3209699440254927,0
0.0,0.0,15.0,0.0,0.0,0.47503222818750535,0.3955890688948249,0.950593963735817,1.3209699440254927,0,0,0.0,0.0,15.0,0.0,0.0,0.47503222818750535,0.3955890688948249,0.950593963735817,1.3209699440254927,0
0.0,0.0,15.0,2.0,1.0,0.47503222818750535,0.3955890688948249,0.950593963735817,1.3209699440254927,3,0,0.0,0.0,15.0,2.0,1.0,0.47503222818750535,0.3955890688948249,0.950593963735817,1.3209699440254927,0
0.0,0.0,15.0,2.0,1.0,0.47503222818750535,0.3955890688948249,0.950593963735817,1.3209699440254927,0,0,0.0,0.0,15.0,2.0,1.0,0.47503222818750535,0.3955890688948249,0.950593963735817,1.3209699440254927,1
0.0,0.0,19.0,1.0,0.5,0.07956543492098112,0.3682711084423296,0.4042783736569384,1.5121324317883382,2,0,0.0,0.0,19.0,1.0,0.5,0.07956543492098112,0.3682711084423296,0.4042783736569384,1.5121324317883382,0
0.0,0.0,19.0,2.0,1.0,0.07956543492098112,0.3682711084423296,0.4042783736569384,1.5121324317883382,3,0,0.0,0.0,19.0,2.0,1.0,0.07956543492098112,0.3682711084423296,0.4042783736569384,1.5121324317883382,0
0.0,0.0,19.0,2.0,1.0,0.07956543492098112,0.3682711084423296,0.4042783736569384,1.5121324317883382,0,0,0.0,0.0,19.0,2.0,1.0,0.07956543492098112,0.3682711084423296,0.4042783736569384,1.5121324317883382,0
0.0,0.0,19.0,2.0,1.0,0.07956543492098112,0.3682711084423296,0.4042783736569384,1.5121324317883382,0,0,0.0,0.0,19.0,2.0,1.0,0.07956543492098112,0.3682711084423296,0.4042783736569384,1.5121324317883382,0
0.0,0.0,19.0,1.0,0.5,0.07956543492098112,0.3682711084423296,0.4042783736569384,1.5121324317883382,2,0,0.0,0.0,19.0,1.0,0.5,0.07956543492098112,0.3682711084423296,0.4042783736569384,1.5121324317883382,1
0.0,0.0,13.0,2.0,1.0,0.231466923746237,0.36837652355485206,0.3926370384484431,1.3105890654556414,3,0,0.0,0.0,13.0,2.0,1.0,0.231466923746237,0.36837652355485206,0.3926370384484431,1.3105890654556414,0
0.0,0.0,13.0,0.0,0.0,0.231466923746237,0.36837652355485206,0.3926370384484431,1.3105890654556414,1,0,0.0,0.0,13.0,0.0,0.0,0.231466923746237,0.36837652355485206,0.3926370384484431,1.3105890654556414,0
0.0,0.0,13.0,2.0,1.0,0.231466923746237,0.36837652355485206,0.3926370384484431,1.3105890654556414,3,0,0.0,0.0,13.0,2.0,1.0,0.231466923746237,0.36837652355485206,0.3926370384484431,1.3105890654556414,0
0.0,0.0,13.0,0.0,0.0,0.231466923746237,0.36837652355485206,0.3926370384484431,1.3105890654556414,1,0,0.0,0.0,13.0,0.0,0.0,0.231466923746237,0.36837652355485206,0.3926370384484431,1.3105890654556414,0
0.0,0.0,13.0,0.0,0.0,0.231466923746237,0.36837652355485206,0.3926370384484431,1.3105890654556414,1,0,0.0,0.0,13.0,0.0,0.0,0.231466923746237,0.36837652355485206,0.3926370384484431,1.3105890654556414,0
0.0,0.0,13.0,1.0,0.5,0.231466923746237,0.36837652355485206,0.3926370384484431,1.3105890654556414,2,0,0.0,0.0,13.0,1.0,0.5,0.231466923746237,0.36837652355485206,0.3926370384484431,1.3105890654556414,0
0.0,0.0,13.0,1.0,0.5,0.231466923746237,0.36837652355485206,0.3926370384484431,1.3105890654556414,0,0,0.0,0.0,13.0,1.0,0.5,0.231466923746237,0.36837652355485206,0.3926370384484431,1.3105890654556414,0
0.0,0.0,13.0,2.0,1.0,0.231466923746237,0.36837652355485206,0.3926370384484431,1.3105890654556414,3,0,0.0,0.0,13.0,2.0,1.0,0.231466923746237,0.36837652355485206,0.3926370384484431,1.3105890654556414,1
0.0,0.0,15.0,2.0,0.8890480327530218,0.014224285286503213,0.3007915698357275,0.975811887730205,1.3147724469587527,0,0,0.0,0.0,15.0,2.0,0.8890480327530218,0.014224285286503213,0.3007915698357275,0.975811887730205,1.3147724469587527,0
0.0,0.0,15.0,2.0,1.0,0.014224285286503213,0.3007915698357275,0.975811887730205,1.3147724469587527,3,0,0.0,0.0,15.0,2.0,1.0,0.014224285286503213,0.3007915698357275,0.975811887730205,1.3147724469587527,1
0.0,0.0,7.0,2.0,1.0,0.567193630362333,0.09180946704415416,0.6771921365829232,1.2829409830462422,3,1,0.0,0.0,7.0,2.0,1.0,0.567193630362333,0.09180946704415416,0.6771921365829232,1.2829409830462422,0
0.0,0.0,7.0,1.0,0.5,0.567193630362333,0.09180946704415416,0.6771921365829232,1.2829409830462422,2,1,0.0,0.0,7.0,1.0,0.5,0.567193630362333,0.09180946704415416,0.6771921365829232,1.2829409830462422,0
0.0,0.0,7.0,0.0,0.0,0.567193630362333,0.09180946704415416,0.6771921365829232,1.2829409830462422,1,1,0.0,0.0,7.0,0.0,0.0,0.567193630362333,0.09180946704415416,0.6771921365829232,1.2829409830462422,0
0.0,0.0,7.0,1.0,0.5,0.567193630362333,0.09180946704415416,0.6771921365829232,1.2829409830462422,2,1,0.0,0.0,7.0,1.0,0.5,0.567193630362333,0.09180946704415416,0.6771921365829232,1.2829409830462422,0
0.0,0.0,7.0,1.0,0.5,0.567193630362333,0.09180946704415416,0.6771921365829232,1.2829409830462422,2,1,0.0,0.0,7.0,1.0,0.5,0.567193630362333,0.09180946704415416,0.6771921365829232,1.2829409830462422,0
0.0,0.0,7.0,0.0,0.0,0.567193630362333,0.09180946704415416,0.6771921365829232,1.2829409830462422,1,1,0.0,0.0,7.0,0.0,0.0,0.567193630362333,0.09180946704415416,0.6771921365829232,1.2829409830462422,0
0.0,0.0,7.0,0.0,0.0,0.567193630362333,0.09180946704415416,0.6771921365829232,1.2829409830462422,1,1,0.0,0.0,7.0,0.0,0.0,0.567193630362333,0.09180946704415416,0.6771921365829232,1.2829409830462422,0
0.0,0.0,7.0,0.0,0.0,0.567193630362333,0.09180946704415416,0.6771921365829232,1.2829409830462422,0,1,0.0,0.0,7.0,0.0,0.0,0.567193630362333,0.09180946704415416,0.6771921365829232,1.2829409830462422,0
0.0,0.0,7.0,2.0,1.0,0.567193630362333,0.09180946704415416,0.6771921365829232,1.2829409830462422,3,1,0.0,0.0,7.0,2.0,1.0,0.567193630362333,0.09180946704415416,0.6771921365829232,1.2829409830462422,0
0.0,0.0,7.0,0.0,0.0,0.567193630362333,0.09180946704415416,0.6771921365829232,1.2829409830462422,1,1,0.0,0.0,7.0,0.0,0.0,0.567193630362333,0.09180946704415416,0.6771921365829232,1.2829409830462422,0
0.0,0.0,7.0,1.0,0.5,0.567193630362333,0.09180946704415416,0.6771921365829232,1.2829409830462422,2,1,0.0,0.0,7.0,1.0,0.5,0.567193630362333,0.09180946704415416,0.6771921365829232,1.2829409830462422,0
0.0,0.0,7.0,1.0,0.5,0.567193630362333,0.09180946704415416,0.6771921365829232,1.2829409830462422,2,1,0.0,0.0,7.0,1.0,0.5,0.567193630362333,0.09180946704415416,0.6771921365829232,1.2829409830462422,0
0.0,0.0,7.0,0.0,0.0,0.567193630362333,0.09180946704415416,0.6771921365829232,1.2829409830462422,1,1,0.0,0.0,7.0,0.0,0.0,0.567193630362333,0.09180946704415416,0.6771921365829232,1.2829409830462422,0
0.0,0.0,7.0,2.0,1.0,0.567193630362333,0.09180946704415416,0.6771921365829232,1.2829409830462422,3,1,0.0,0.0,7.0,2.0,1.0,0.567193630362333,0.09180946704415416,0.6771921365829232,1.2829409830462422,0
0.0,0.0,7.0,0.0,0.0,0.567193630362333,0.09180946704415416,0.6771921365829232,1.2829409830462422,1,1,0.0,0.0,7.0,0.0,0.0,0.567193630362333,0.09180946704415416,0.6771921365829232,1.2829409830462422,0
0.0,0.0,7.0,0.0,0.0,0.567193630362333,0.09180946704415416,0.6771921365829232,1.2829409830462422,1,1,0.0,0.0,7.0,0.0,0.0,0.567193630362333,0.09180946704415416,0.6771921365829232,1.2829409830462422,0
0.0,0.0,7.0,2.0,1.0,0.567193630362333,0.09180946704415416,0.6771921365829232,1.2829409830462422,3,1,0.0,0.0,7.0,2.0,1.0,0.567193630362333,0.09180946704415416,0.6771921365829232,1.2829409830462422,0
0.0,0.0,7.0,0.0,0.0,0.567193630362333,0.09180946704415416,0.6771921365829232,1.2829409830462422,1,1,0.0,0.0,7.0,0.0,0.0,0.567193630362333,0.09180946704415416,0.6771921365829232,1.2829409830462422,1
0.0,0.0,18.0,0.0,0.1545845357642206,0.8961658598275012,0.8491168340735101,0.6280356560045364,1.7576652513972464,0,0,0.0,0.0,18.0,0.0,0.1545845357642206,0.8961658598275012,0.8491168340735101,0.6280356560045364,1.7576652513972464,0
0.0,0.0,18.0,2.0,1.0,0.8961658598275012,0.8491168340735101,0.6280356560045364,1.7576652513972464,3,0,0.0,0.0,18.0,2.0,1.0,0.8961658598275012,0.8491168340735101,0.6280356560045364,1.7576652513972464,0
0.0,0.0,18.0,2.0,1.0,0.8961658598275012,0.8491168340735101,0.6280356560045364,1.7576652513972464,3,0,0.0,0.0,18.0,2.0,1.0,0.8961658598275012,0.8491168340735101,0.6280356560045364,1.7576652513972464,0
0.0,0.0,18.0,1.0,0.5,0.8961658598275012,0.8491168340735101,0.6280356560045364,1.7576652513972464,2,0,0.0,0.0,18.0,1.0,0.5,0.8961658598275012,0.8491168340735101,0.6280356560045364,1.7576652513972464,0
0.0,0.0,18.0,2.0,1.0,0.8961658598275012,0.8491168340735101,0.6280356560045364,1.7576652513972464,3,0,0.0,0.0,18.0,2.0,1.0,0.8961658598275012,0.8491168340735101,0.6280356560045364,1.7576652513972464,0
0.0,0.0,18.0,0.0,0.0,0.8961658598275012,0.8491168340735101,0.6280356560045364,1.7576652513972464,1,0,0.0,0.0,18.0,0.0,0.0,0.8961658598275012,0.8491168340735101,0.6280356560045364,1.7576652513972464,0
0.0,0.0,18.0,0.0,0.0,0.8961658598275012,0.8491168340735101,0.6280356560045364,1.7576652513972464,0,0,0.0,0.0,18.0,0.0,0.0,0.8961658598275012,0.8491168340735101,0.6280356560045364,1.7576652513972464,0
0.0,0.0,18.0,0.0,0.0,0.8961658598275012,0.8491168340735101,0.6280356560045364,1.7576652513972464,1,0,0.0,0.0,18.0,0.0,0.0,0.8961658598275012,0.8491168340735101,0.6280356560045364,1.7576652513972464,0
0.0,0.0,18.0,0.0,0.0,0.8961658598275012,0.8491168340735101,0.6280356560045364,1.7576652513972464,1,0,0.0,0.0,18.0,0.0,0.0,0.8961658598275012,0.8491168340735101,0.6280356560045364,1.7576652513972464,0
0.0,0.0,18.0,1.0,0.5,0.8961658598275012,0.8491168340735101,0.6280356560045364,1.7576652513972464,2,0,0.0,0.0,18.0,1.0,0.5,0.8961658598275012,0.8491168340735101,0.6280356560045364,1.7576652513972464,0
0.0,0.0,18.0,1.0,0.5,0.8961658598275012,0.8491168340735101,0.6280356560045364,1.7576652513972464,2,0,0.0,0.0,18.0,1.0,0.5,0.8961658598275012,0.8491168340735101,0.6280356560045364,1.7576652513972464,0
0.0,0.0,18.0,0.0,0.0,0.8961658598275012,0.8491168340735101,0.6280356560045364,1.7576652513972464,1,0,0.0,0.0,18.0,0.0,0.0,0.8961658598275012,0.8491168340735101,0.6280356560045364,1.7576652513972464,0
0.0,0.0,18.0,0.0,0.0,0.8961658598275012,0.8491168340735101,0.6280356560045364,1.7576652513972464,0,0,0.0,0.0,18.0,0.0,0.0,0.8961658598275012,0.8491168340735101,0.6280356560045364,1.7576652513972464,0
0.0,0.0,18.0,0.0,0.0,0.8961658598275012,0.8491168340735101,0.6280356560045364,1.7576652513972464,1,0,0.0,0.0,18.0,0.0,0.0,0.8961658598275012,0.8491168340735101,0.6280356560045364,1.7576652513972464,0
0.0,0.0,18.0,0.0,0.0,0.8961658598275012,0.8491168340735101,0.6280356560045364,1.7576652513972464,1,0,0.0,0.0,18.0,0.0,0.0,0.8961658598275012,0.8491168340735101,0.6280356560045364,1.7576652513972464,0
0.0,0.0,18.0,0.0,0.0,0.8961658598275012,0.8491168340735101,0.6280356560045364,1.7576652513972464,0,0,0.0,0.0,18.0,0.0,0.0,0.8961658598275012,0.8491168340735101,0.6280356560045364,1.7576652513972464,0
0.0,0.0,18.0,1.0,0.5,0.8961658598275012,0.8491168340735101,0.6280356560045364,1.7576652513972464,2,0,0.0,0.0,18.0,1.0,0.5,0.8961658598275012,0.8491168340735101,0.6280356560045364,1.7576652513972464,0
0.0,0.0,18.0,0.0,0.0,0.8961658598275012,0.8491168340735101,0.6280356560045364,1.7576652513972464,1,0,0.0,0.0,18.0,0.0,0.0,0.8961658598275012,0.8491168340735101,0.6280356560045364,1.7576652513972464,1
0.0,0.0,18.0,1.0,0.290193757186465,0.7225588021837261,0.7721927693385504,0.3159260223027044,1.4762613908174167,0,0,0.0,0.0,18.0,1.0,0.290193757186465,0.7225588021837261,0.7721927693385504,0.3159260223027044,1.4762613908174167,0
0.0,0.0,18.0,1.0,0.5,0.7225588021837261,0.7721927693385504,0.3159260223027044,1.4762613908174167,2,0,0.0,0.0,18.0,1.0,0.5,0.7225588021837261,0.7721927693385504,0.3159260223027044,1.4762613908174167,0
0.0,0.0,18.0,1.0,0.5,0.7225588021837261,0.7721927693385504,0.3159260223027044,1.4762613908174167,0,0,0.0,0.0,18.0,1.0,0.5,0.7225588021837261,0.7721927693385504,0.3159260223027044,1.4762613908174167,0
0.0,0.0,18.0,1.0,0.5,0.7225588021837261,0.7721927693385504,0.3159260223027044,1.4762613908174167,2,0,0.0,0.0,18.0,1.0,0.5,0.7225588021837261,0.7721927693385504,0.3159260223027044,1.4762613908174167,0
0.0,0.0,18.0,2.0,1.0,0.7225588021837261,0.7721927693385504,0.3159260223027044,1.4762613908174167,3,0,0.0,0.0,18.0,2.0,1.0,0.7225588021837261,0.7721927693385504,0.3159260223027044,1.4762613908174167,0
0.0,0.0,18.0,2.0,1.0,0.7225588021837261,0.7721927693385504,0.3159260223027044,1.4762613908174167,3,0,0.0,0.0,18.0,2.0,1.0,0.7225588021837261,0.7721927693385504,0.3159260223027044,1.4762613908174167,1
0.0,0.0,2.0,0.0,0.0,0.9474493599175348,0.6058099242828096,0.6308767644936513,1.414298592112386,1,1,0.0,0.0,2.0,0.0,0.0,0.9474493599175348,0.6058099242828096,0.6308767644936513,1.414298592112386,0
0.0,0.0,2.0,1.0,0.5,0.9474493599175348,0.6058099242828096,0.6308767644936513,1.414298592112386,2,1,0.0,0.0,2.0,1.0,0.5,0.9474493599175348,0.6058099242828096,0.6308767644936513,1.414298592112386,0
0.0,0.0,2.0,0.0,0.0,0.9474493599175348,0.6058099242828096,0.6308767644936513,1.414298592112386,1,1,0.0,0.0,2.0,0.0,0.0,0.9474493599175348,0.6058099242828096,0.6308767644936513,1.414298592112386,0
0.0,0.0,2.0,0.0,0.0,0.9474493599175348,0.6058099242828096,0.6308767644936513,1.414298592112386,0,1,0.0,0.0,2.0,0.0,0.0,0.9474493599175348,0.6058099242828096,0.6308767644936513,1.414298592112386,0
0.0,0.0,2.0,0.0,0.0,0.9474493599175348,0.6058099242828096,0.6308767644936513,1.414298592112386,1,1,0.0,0.0,2.0,0.0,0.0,0.9474493599175348,0.6058099242828096,0.6308767644936513,1.414298592112386,0
0.0,0.0,2.0,2.0,1.0,0.9474493599175348,0.6058099242828096,0.6308767644936513,1.414298592112386,3,1,0.0,0.0,2.0,2.0,1.0,0.9474493599175348,0.6058099242828096,0.6308767644936513,1.414298592112386,0
0.0,0.0,2.0,0.0,0.0,0.9474493599175348,0.6058099242828096,0.6308767644936513,1.414298592112386,1,1,0.0,0.0,2.0,0.0,0.0,0.9474493599175348,0.6058099242828096,0.6308767644936513,1.414298592112386,0
0.0,0.0,2.0,0.0,0.0,0.9474493599175348,0.6058099242828096,0.6308767644936513,1.414298592112386,0,1,0.0,0.0,2.0,0.0,0.0,0.9474493599175348,0.6058099242828096,0.6308767644936513,1.414298592112386,0
0.0,0.0,2.0,2.0,1.0,0.9474493599175348,0.6058099242828096,0.6308767644936513,1.414298592112386,3,1,0.0,0.0,2.0,2.0,1.0,0.9474493599175348,0.6058099242828096,0.6308767644936513,1.414298592112386,0
0.0,0.0,2.0,2.0,1.0,0.9474493599175348,0.6058099242828096,0.6308767644936513,1.414298592112386,3,1,0.0,0.0,2.0,2.0,1.0,0.9474493599175348,0.6058099242828096,0.6308767644936513,1.414298592112386,0
0.0,0.0,2.0,2.0,1.0,0.9474493599175348,0.6058099242828096,0.6308767644936513,1.414298592112386,3,1,0.0,0.0,2.0,2.0,1.0,0.9474493599175348,0.6058099242828096,0.6308767644936513,1.414298592112386,0
0.0,0.0,2.0,2.0,1.0,0.9474493599175348,0.6058099242828096,0.6308767644936513,1.414298592112386,3,1,0.0,0.0,2.0,2.0,1.0,0.9474493599175348,0.6058099242828096,0.6308767644936513,1.414298592112386,0
0.0,0.0,2.0,2.0,1.0,0.9474493599175348,0.6058099242828096,0.6308767644936513,1.414298592112386,0,1,0.0,0.0,2.0,2.0,1.0,0.9474493599175348,0.6058099242828096,0.6308767644936513,1.414298592112386,0
0.0,0.0,2.0,1.0,0.5,0.9474493599175348,0.6058099242828096,0.6308767644936513,1.414298592112386,2,1,0.0,0.0,2.0,1.0,0.5,0.9474493599175348,0.6058099242828096,0.6308767644936513,1.414298592112386,0
0.0,0.0,2.0,2.0,1.0,0.9474493599175348,0.6058099242828096,0.6308767644936513,1.414298592112386,3,1,0.0,0.0,2.0,2.0,1.0,0.9474493599175348,0.6058099242828096,0.6308767644936513,1.414298592112386,0
0.0,0.0,2.0,2.0,1.0,0.9474493599175348,0.6058099242828096,0.6308767644936513,1.414298592112386,3,1,0.0,0.0,2.0,2.0,1.0,0.9474493599175348,0.6058099242828096,0.6308767644936513,1.414298592112386,0
0.0,0.0,2.0,2.0,1.0,0.9474493599175348,0.6058099242828096,0.6308767644936513,1.414298592112386,0,1,0.0,0.0,2.0,2.0,1.0,0.9474493599175348,0.6058099242828096,0.6308767644936513,1.414298592112386,0
0.0,0.0,2.0,0.0,0.0,0.9474493599175348,0.6058099242828096,0.6308767644936513,1.414298592112386,1,1,0.0,0.0,2.0,0.0,0.0,0.9474493599175348,0.6058099242828096,0.6308767644936513,1.414298592112386,0
0.0,0.0,2.0,0.0,0.0,0.9474493599175348,0.6058099242828096,0.6308767644936513,1.414298592112386,0,1,0.0,0.0,2.0,0.0,0.0,0.9474493599175348,0.6058099242828096,0.6308767644936513,1.414298592112386,0
0.0,0.0,2.0,0.0,0.0,0.9474493599175348,0.6058099242828096,0.6308767644936513,1.414298592112386,0,1,0.0,0.0,2.0,0.0,0.0,0.9474493599175348,0.6058099242828096,0.6308767644936513,1.414298592112386,0
0.0,0.0,2.0,0.0,0.0,0.9474493599175348,0.6058099242828096,0.6308767644936513,1.414298592112386,1,1,0.0,0.0,2.0,0.0,0.0,0.9474493599175348,0.6058099242828096,0.6308767644936513,1.414298592112386,1
0.0,0.0,11.0,0.0,0.6775520692022896,0.1677499845592647,0.24999384954666182,0.6087129529944569,1.3211170631610536,0,0,0.0,0.0,11.0,0.0,0.6775520692022896,0.1677499845592647,0.24999384954666182,0.6087129529944569,1.3211170631610536,0
0.0,0.0,11.0,2.0,1.0,0.1677499845592647,0.24999384954666182,0.6087129529944569,1.3211170631610536,3,0,0.0,0.0,11.0,2.0,1.0,0.1677499845592647,0.24999384954666182,0.6087129529944569,1.3211170631610536,1
0.0,0.0,17.0,2.0,1.0,0.005599139308328782,0.664241616565802,0.30763071095455385,1.9574014290737214,3,0,0.0,0.0,17.0,2.0,1.0,0.005599139308328782,0.664241616565802,0.30763071095455385,1.9574014290737214,0
0.0,0.0,17.0,2.0,1.0,0.005599139308328782,0.664241616565802,0.30763071095455385,1.9574014290737214,0,0,0.0,0.0,17.0,2.0,1.0,0.005599139308328782,0.664241616565802,0.30763071095455385,1.9574014290737214,0
0.0,0.0,17.0,0.0,0.0,0.005599139308328782,0.664241616565802,0.30763071095455385,1.9574014290737214,1,0,0.0,0.0,17.0,0.0,0.0,0.005599139308328782,0.664241616565802,0.30763071095455385,1.9574014290737214,0
0.0,0.0,17.0,2.0,1.0,0.005599139308328782,0.664241616565802,0.30763071095455385,1.9574014290737214,3,0,0.0,0.0,17.0,2.0,1.0,0.005599139308328782,0.664241616565802,0.30763071095455385,1.9574014290737214,0
0.0,0.0,17.0,1.0,0.5,0.005599139308328782,0.664241616565802,0.30763071095455385,1.9574014290737214,2,0,0.0,0.0,17.0,1.0,0.5,0.005599139308328782,0.664241616565802,0.30763071095455385,1.9574014290737214,0
0.0,0.0,17.0,2.0,1.0,0.005599139308328782,0.664241616565802,0.30763071095455385,1.9574014290737214,3,0,0.0,0.0,17.0,2.0,1.0,0.005599139308328782,0.664241616565802,0.30763071095455385,1.9574014290737214,0
0.0,0.0,17.0,2.0,1.0,0.005599139308328782,0.664241616565802,0.30763071095455385,1.9574014290737214,3,0,0.0,0.0,17.0,2.0,1.0,0.005599139308328782,0.664241616565802,0.30763071095455385,1.9574014290737214,0
0.0,0.0,17.0,2.0,1.0,0.005599139308328782,0.664241616565802,0.30763071095455385,1.9574014290737214,0,0,0.0,0.0,17.0,2.0,1.0,0.005599139308328782,0.664241616565802,0.30763071095455385,1.9574014290737214,0
0.0,0.0,17.0,1.0,0.5,0.005599139308328782,0.664241616565802,0.30763071095455385,1.9574014290737214,2,0,0.0,0.0,17.0,1.0,0.5,0.005599139308328782,0.664241616565802,0.30763071095455385,1.9574014290737214,0
0.0,0.0,17.0,1.0,0.5,0.005599139308328782,0.664241616565802,0.30763071095455385,1.9574014290737214,2,0,0.0,0.0,17.0,1.0,0.5,0.005599139308328782,0.664241616565802,0.30763071095455385,1.9574014290737214,0
0.0,0.0,17.0,0.0,0.0,0.005599139308328782,0.664241616565802,0.30763071095455385,1.9574014290737214,1,0,0.0,0.0,17.0,0.0,0.0,0.005599139308328782,0.664241616565802,0.30763071095455385,1.9574014290737214,0
0.0,0.0,17.0,1.0,0.5,0.005599139308328782,0.664241616565802,0.30763071095455385,1.9574014290737214,2,0,0.0,0.0,17.0,1.0,0.5,0.005599139308328782,0.664241616565802,0.30763071095455385,1.9574014290737214,0
0.0,0.0,17.0,2.0,1.0,0.005599139308328782,0.664241616565802,0.30763071095455385,1.9574014290737214,3,0,0.0,0.0,17.0,2.0,1.0,0.005599139308328782,0.664241616565802,0.30763071095455385,1.9574014290737214,0
0.0,0.0,17.0,2.0,1.0,0.005599139308328782,0.664241616565802,0.30763071095455385,1.9574014290737214,0,0,0.0,0.0,17.0,2.0,1.0,0.005599139308328782,0.664241616565802,0.30763071095455385,1.9574014290737214,0
0.0,0.0,17.0,2.0,1.0,0.005599139308328782,0.664241616565802,0.30763071095455385,1.9574014290737214,0,0,0.0,0.0,17.0,2.0,1.0,0.005599139308328782,0.664241616565802,0.30763071095455385,1.9574014290737214,0
0.0,0.0,17.0,2.0,1.0,0.005599139308328782,0.664241616565802,0.30763071095455385,1.9574014290737214,3,0,0.0,0.0,17.0,2.0,1.0,0.005599139308328782,0.664241616565802,0.30763071095455385,1.9574014290737214,0
0.0,0.0,17.0,2.0,1.0,0.005599139308328782,0.664241616565802,0.30763071095455385,1.9574014290737214,3,0,0.0,0.0,17.0,2.0,1.0,0.005599139308328782,0.664241616565802,0.30763071095455385,1.9574014290737214,1
0.0,0.0,11.0,1.0,0.5,0.3240709910558436,0.15601046577953326,0.06029197420988708,1.7221364321636248,2,0,0.0,0.0,11.0,1.0,0.5,0.3240709910558436,0.15601046577953326,0.06029197420988708,1.7221364321636248,0
0.0,0.0,11.0,0.0,0.0,0.3240709910558436,0.15601046577953326,0.06029197420988708,1.7221364321636248,1,0,0.0,0.0,11.0,0.0,0.0,0.3240709910558436,0.15601046577953326,0.06029197420988708,1.7221364321636248,0
0.0,0.0,11.0,1.0,0.5,0.3240709910558436,0.15601046577953326,0.06029197420988708,1.7221364321636248,2,0,0.0,0.0,11.0,1.0,0.5,0.3240709910558436,0.15601046577953326,0.06029197420988708,1.7221364321636248,0
0.0,0.0,11.0,1.0,0.5,0.3240709910558436,0.15601046577953326,0.06029197420988708,1.7221364321636248,2,0,0.0,0.0,11.0,1.0,0.5,0.3240709910558436,0.15601046577953326,0.06029197420988708,1.7221364321636248,0
0.0,0.0,11.0,2.0,1.0,0.3240709910558436,0.15601046577953326,0.06029197420988708,1.7221364321636248,3,0,0.0,0.0,11.0,2.0,1.0,0.3240709910558436,0.15601046577953326,0.06029197420988708,1.7221364321636248,0
0.0,0.0,11.0,1.0,0.5,0.3240709910558436,0.15601046577953326,0.06029197420988708,1.7221364321636248,2,0,0.0,0.0,11.0,1.0,0.5,0.3240709910558436,0.15601046577953326,0.06029197420988708,1.7221364321636248,0
0.0,0.0,11.0,0.0,0.0,0.3240709910558436,0.15601046577953326,0.06029197420988708,1.7221364321636248,1,0,0.0,0.0,11.0,0.0,0.0,0.3240709910558436,0.15601046577953326,0.06029197420988708,1.7221364321636248,0
0.0,0.0,11.0,2.0,1.0,0.3240709910558436,0.15601046577953326,0.06029197420988708,1.7221364321636248,3,0,0.0,0.0,11.0,2.0,1.0,0.3240709910558436,0.15601046577953326,0.06029197420988708,1.7221364321636248,0
0.0,0.0,11.0,1.0,0.5,0.3240709910558436,0.15601046577953326,0.06029197420988708,1.7221364321636248,2,0,0.0,0.0,11.0,1.0,0.5,0.3240709910558436,0.15601046577953326,0.06029197420988708,1.7221364321636248,0
0.0,0.0,11.0,1.0,0.5,0.3240709910558436,0.15601046577953326,0.06029197420988708,1.7221364321636248,2,0,0.0,0.0,11.0,1.0,0.5,0.3240709910558436,0.15601046577953326,0.06029197420988708,1.7221364321636248,0
0.0,0.0,11.0,1.0,0.5,0.3240709910558436,0.15601046577953326,0.06029197420988708,1.7221364321636248,2,0,0.0,0.0,11.0,1.0,0.5,0.3240709910558436,0.15601046577953326,0.06029197420988708,1.7221364321636248,0
0.0,0.0,11.0,1.0,0.5,0.3240709910558436,0.15601046577953326,0.06029197420988708,1.7221364321636248,0,0,0.0,0.0,11.0,1.0,0.5,0.3240709910558436,0.15601046577953326,0.06029197420988708,1.7221364321636248,0
0.0,0.0,11.0,1.0,0.5,0.3240709910558436,0.15601046577953326,0.06029197420988708,1.7221364321636248,0,0,0.0,0.0,11.0,1.0,0.5,0.3240709910558436,0.15601046577953326,0.06029197420988708,1.7221364321636248,0
0.0,0.0,11.0,2.0,1.0,0.3240709910558436,0.15601046577953326,0.06029197420988708,1.7221364321636248,3,0,0.0,0.0,11.0,2.0,1.0,0.3240709910558436,0.15601046577953326,0.06029197420988708,1.7221364321636248,0
0.0,0.0,11.0,0.0,0.0,0.3240709910558436,0.15601046577953326,0.06029197420988708,1.7221364321636248,1,0,0.0,0.0,11.0,0.0,0.0,0.3240709910558436,0.15601046577953326,0.06029197420988708,1.7221364321636248,0
0.0,0.0,11.0,2.0,1.0,0.3240709910558436,0.15601046577953326,0.06029197420988708,1.7221364321636248,3,0,0.0,0.0,11.0,2.0,1.0,0.3240709910558436,0.15601046577953326,0.06029197420988708,1.7221364321636248,0
0.0,0.0,11.0,2.0,1.0,0.3240709910558436,0.15601046577953326,0.06029197420988708,1.7221364321636248,3,0,0.0,0.0,11.0,2.0,1.0,0.3240709910558436,0.15601046577953326,0.06029197420988708,1.7221364321636248,0
0.0,0.0,11.0,0.0,0.0,0.3240709910558436,0.15601046577953326,0.06029197420988708,1.7221364321636248,1,0,0.0,0.0,11.0,0.0,0.0,0.3240709910558436,0.15601046577953326,0.06029197420988708,1.7221364321636248,0
0.0,0.0,11.0,1.0,0.5,0.3240709910558436,0.15601046577953326,0.06029197420988708,1.7221364321636248,2,0,0.0,0.0,11.0,1.0,0.5,0.3240709910558436,0.15601046577953326,0.06029197420988708,1.7221364321636248,0
0.0,0.0,11.0,1.0,0.5,0.3240709910558436,0.15601046577953326,0.06029197420988708,1.7221364321636248,2,0,0.0,0.0,11.0,1.0,0.5,0.3240709910558436,0.15601046577953326,0.06029197420988708,1.7221364321636248,1
0.0,0.0,14.0,0.0,0.0,0.12350128120833248,0.9107966196797863,0.7285668006366481,1.6721118338622585,1,0,0.0,0.0,14.0,0.0,0.0,0.12350128120833248,0.9107966196797863,0.7285668006366481,1.6721118338622585,0
0.0,0.0,14.0,0.0,0.0,0.12350128120833248,0.9107966196797863,0.7285668006366481,1.6721118338622585,1,0,0.0,0.0,14.0,0.0,0.0,0.12350128120833248,0.9107966196797863,0.7285668006366481,1.6721118338622585,0
0.0,0.0,14.0,1.0,0.5,0.12350128120833248,0.9107966196797863,0.7285668006366481,1.6721118338622585,2,0,0.0,0.0,14.0,1.0,0.5,0.12350128120833248,0.9107966196797863,0.7285668006366481,1.6721118338622585,0
0.0,0.0,14.0,1.0,0.5,0.12350128120833248,0.9107966196797863,0.7285668006366481,1.6721118338622585,0,0,0.0,0.0,14.0,1.0,0.5,0.12350128120833248,0.9107966196797863,0.7285668006366481,1.6721118338622585,0
0.0,0.0,14.0,1.0,0.5,0.12350128120833248,0.9107966196797863,0.7285668006366481,1.6721118338622585,2,0,0.0,0.0,14.0,1.0,0.5,0.12350128120833248,0.9107966196797863,0.7285668006366481,1.6721118338622585,0
0.0,0.0,14.0,0.0,0.0,0.12350128120833248,0.9107966196797863,0.7285668006366481,1.6721118338622585,1,0,0.0,0.0,14.0,0.0,0.0,0.12350128120833248,0.9107966196797863,0.7285668006366481,1.6721118338622585,0
0.0,0.0,14.0,0.0,0.0,0.12350128120833248,0.9107966196797863,0.7285668006366481,1.6721118338622585,1,0,0.0,0.0,14.0,0.0,0.0,0.12350128120833248,0.9107966196797863,0.7285668006366481,1.6721118338622585,0
0.0,0.0,14.0,0.0,0.0,0.12350128120833248,0.9107966196797863,0.7285668006366481,1.6721118338622585,1,0,0.0,0.0,14.0,0.0,0.0,0.12350128120833248,0.9107966196797863,0.7285668006366481,1.6721118338622585,0
0.0,0.0,14.0,0.0,0.0,0.12350128120833248,0.9107966196797863,0.7285668006366481,1.6721118338622585,0,0,0.0,0.0,14.0,0.0,0.0,0.12350128120833248,0.9107966196797863,0.7285668006366481,1.6721118338622585,1
0.0,0.0,8.0,0.0,0.0,0.08471429848202894,0.10972328696453326,0.09037912145059523,1.6203289268859897,1,1,0.0,0.0,8.0,0.0,0.0,0.08471429848202894,0.10972328696453326,0.09037912145059523,1.6203289268859897,1
0.0,0.0,12.0,0.0,0.15702962610262983,0.3877667865182943,0.02557980733336307,0.6961118414982959,1.6745133856651484,0,0,0.0,0.0,12.0,0.0,0.15702962610262983,0.3877667865182943,0.02557980733336307,0.6961118414982959,1.6745133856651484,0
0.0,0.0,12.0,0.0,0.0,0.3877667865182943,0.02557980733336307,0.6961118414982959,1.6745133856651484,1,0,0.0,0.0,12.0,0.0,0.0,0.3877667865182943,0.02557980733336307,0.6961118414982959,1.6745133856651484,0
0.0,0.0,12.0,0.0,0.0,0.3877667865182943,0.02557980733336307,0.6961118414982959,1.6745133856651484,1,0,0.0,0.0,12.0,0.0,0.0,0.3877667865182943,0.02557980733336307,0.6961118414982959,1.6745133856651484,0
0.0,0.0,12.0,2.0,1.0,0.3877667865182943,0.02557980733336307,0.6961118414982959,1.6745133856651484,3,0,0.0,0.0,12.0,2.0,1.0,0.3877667865182943,0.02557980733336307,0.6961118414982959,1.6745133856651484,0
0.0,0.0,12.0,2.0,1.0,0.3877667865182943,0.02557980733336307,0.6961118414982959,1.6745133856651484,3,0,0.0,0.0,12.0,2.0,1.0,0.3877667865182943,0.02557980733336307,0.6961118414982959,1.6745133856651484,1
0.0,0.0,15.0,0.0,0.9813617000719951,0.244331547909036,0.10405680877710677,0.8614238887762082,1.8470335119471315,0,0,0.0,0.0,15.0,0.0,0.9813617000719951,0.244331547909036,0.10405680877710677,0.8614238887762082,1.8470335119471315,1
0.0,0.0,16.0,0.0,0.7141867588360554,0.4884204872121164,0.9239332575648032,0.379709563504836,1.6688431441050113,0,0,0.0,0.0,16.0,0.0,0.7141867588360554,0.4884204872121164,0.9239332575648032,0.379709563504836,1.6688431441050113,1
0.0,0.0,19.0,0.0,0.0,0.5849149369194113,0.20151630301359247,0.5066692849206315,1.8494262246542914,1,0,0.0,0.0,19.0,0.0,0.0,0.5849149369194113,0.20151630301359247,0.5066692849206315,1.8494262246542914,0
0.0,0.0,19.0,1.0,0.5,0.5849149369194113,0.20151630301359247,0.5066692849206315,1.8494262246542914,2,0,0.0,0.0,19.0,1.0,0.5,0.5849149369194113,0.20151630301359247,0.5066692849206315,1.8494262246542914,0
0.0,0.0,19.0,1.0,0.5,0.5849149369194113,0.20151630301359247,0.5066692849206315,1.8494262246542914,2,0,0.0,0.0,19.0,1.0,0.5,0.5849149369194113,0.20151630301359247,0.5066692849206315,1.8494262246542914,1
0.0,0.0,2.0,2.0,1.0,0.5547101340459023,0.5296509614080951,0.9738240283224907,1.1069873444473965,3,1,0.0,0.0,2.0,2.0,1.0,0.5547101340459023,0.5296509614080951,0.9738240283224907,1.1069873444473965,0
0.0,0.0,2.0,2.0,1.0,0.5547101340459023,0.5296509614080951,0.9738240283224907,1.1069873444473965,0,1,0.0,0.0,2.0,2.0,1.0,0.5547101340459023,0.5296509614080951,0.9738240283224907,1.1069873444473965,0
0.0,0.0,2.0,1.0,0.5,0.5547101340459023,0.5296509614080951,0.9738240283224907,1.1069873444473965,2,1,0.0,0.0,2.0,1.0,0.5,0.5547101340459023,0.5296509614080951,0.9738240283224907,1.1069873444473965,0
0.0,0.0,2.0,2.0,1.0,0.5547101340459023,0.5296509614080951,0.9738240283224907,1.1069873444473965,3,1,0.0,0.0,2.0,2.0,1.0,0.5547101340459023,0.5296509614080951,0.9738240283224907,1.1069873444473965,0
0.0,0.0,2.0,2.0,1.0,0.5547101340459023,0.5296509614080951,0.9738240283224907,1.1069873444473965,0,1,0.0,0.0,2.0,2.0,1.0,0.5547101340459023,0.5296509614080951,0.9738240283224907,1.1069873444473965,0
0.0,0.0,2.0,1.0,0.5,0.5547101340459023,0.5296509614080951,0.9738240283224907,1.1069873444473965,2,1,0.0,0.0,2.0,1.0,0.5,0.5547101340459023,0.5296509614080951,0.9738240283224907,1.1069873444473965,0
0.0,0.0,2.0,1.0,0.5,0.5547101340459023,0.5296509614080951,0.9738240283224907,1.1069873444473965,2,1,0.0,0.0,2.0,1.0,0.5,0.5547101340459023,0.5296509614080951,0.9738240283224907,1.1069873444473965,0
0.0,0.0,2.0,0.0,0.0,0.5547101340459023,0.5296509614080951,0.9738240283224907,1.1069873444473965,1,1,0.0,0.0,2.0,0.0,0.0,0.5547101340459023,0.5296509614080951,0.9738240283224907,1.1069873444473965,0
0.0,0.0,2.0,0.0,0.0,0.5547101340459023,0.5296509614080951,0.9738240283224907,1.1069873444473965,1,1,0.0,0.0,2.0,0.0,0.0,0.5547101340459023,0.5296509614080951,0.9738240283224907,1.1069873444473965,0
0.0,0.0,2.0,0.0,0.0,0.5547101340459023,0.5296509614080951,0.9738240283224907,1.1069873444473965,1,1,0.0,0.0,2.0,0.0,0.0,0.5547101340459023,0.5296509614080951,0.9738240283224907,1.1069873444473965,0
0.0,0.0,2.0,2.0,1.0,0.5547101340459023,0.5296509614080951,0.9738240283224907,1.1069873444473965,3,1,0.0,0.0,2.0,2.0,1.0,0.5547101340459023,0.5296509614080951,0.9738240283224907,1.1069873444473965,0
0.0,0.0,2.0,2.0,1.0,0.5547101340459023,0.5296509614080951,0.9738240283224907,1.1069873444473965,3,1,0.0,0.0,2.0,2.0,1.0,0.5547101340459023,0.5296509614080951,0.9738240283224907,1.1069873444473965,1
0.0,0.0,4.0,1.0,0.5,0.13154690634811417,0.003509484263408136,0.6999494088033898,1.2982670761780493,2,1,0.0,0.0,4.0,1.0,0.5,0.13154690634811417,0.003509484263408136,0.6999494088033898,1.2982670761780493,0
0.0,0.0,4.0,0.0,0.0,0.13154690634811417,0.003509484263408136,0.6999494088033898,1.2982670761780493,1,1,0.0,0.0,4.0,0.0,0.0,0.13154690634811417,0.003509484263408136,0.6999494088033898,1.2982670761780493,0
0.0,0.0,4.0,0.0,0.0,0.13154690634811417,0.003509484263408136,0.6999494088033898,1.2982670761780493,1,1,0.0,0.0,4.0,0.0,0.0,0.13154690634811417,0.003509484263408136,0.6999494088033898,1.2982670761780493,0
0.0,0.0,4.0,1.0,0.5,0.13154690634811417,0.003509484263408136,0.6999494088033898,1.2982670761780493,2,1,0.0,0.0,4.0,1.0,0.5,0.13154690634811417,0.003509484263408136,0.6999494088033898,1.2982670761780493,0
0.0,0.0,4.0,2.0,1.0,0.13154690634811417,0.003509484263408136,0.6999494088033898,1.2982670761780493,3,1,0.0,0.0,4.0,2.0,1.0,0.13154690634811417,0.003509484263408136,0.6999494088033898,1.2982670761780493,1
0.0,0.0,7.0,0.0,0.0,0.0995051767999019,0.384918934726471,0.07102060539127164,1.4484480353561957,1,1,0.0,0.0,7.0,0.0,0.0,0.0995051767999019,0.384918934726471,0.07102060539127164,1.4484480353561957,0
0.0,0.0,7.0,2.0,1.0,0.0995051767999019,0.384918934726471,0.07102060539127164,1.4484480353561957,3,1,0.0,0.0,7.0,2.0,1.0,0.0995051767999019,0.384918934726471,0.07102060539127164,1.4484480353561957,0
0.0,0.0,7.0,2.0,1.0,0.0995051767999019,0.384918934726471,0.07102060539127164,1.4484480353561957,0,1,0.0,0.0,7.0,2.0,1.0,0.0995051767999019,0.384918934726471,0.07102060539127164,1.4484480353561957,0
0.0,0.0,7.0,0.0,0.0,0.0995051767999019,0.384918934726471,0.07102060539127164,1.4484480353561957,1,1,0.0,0.0,7.0,0.0,0.0,0.0995051767999019,0.384918934726471,0.07102060539127164,1.4484480353561957,1
0.0,0.0,3.0,0.0,0.0,0.31257989383257445,0.39376946577469196,0.3006662527834415,1.3529866697712265,1,1,0.0,0.0,3.0,0.0,0.0,0.31257989383257445,0.39376946577469196,0.3006662527834415,1.3529866697712265,0
0.0,0.0,3.0,2.0,1.0,0.31257989383257445,0.39376946577469196,0.3006662527834415,1.3529866697712265,3,1,0.0,0.0,3.0,2.0,1.0,0.31257989383257445,0.39376946577469196,0.3006662527834415,1.3529866697712265,0
0.0,0.0,3.0,1.0,0.5,0.31257989383257445,0.39376946577469196,0.3006662527834415,1.3529866697712265,2,1,0.0,0.0,3.0,1.0,0.5,0.31257989383257445,0.39376946577469196,0.3006662527834415,1.3529866697712265,0
0.0,0.0,3.0,1.0,0.5,0.31257989383257445,0.39376946577469196,0.3006662527834415,1.3529866697712265,0,1,0.0,0.0,3.0,1.0,0.5,0.31257989383257445,0.39376946577469196,0.3006662527834415,1.3529866697712265,0
0.0,0.0,3.0,2.0,1.0,0.31257989383257445,0.39376946577469196,0.3006662527834415,1.3529866697712265,3,1,0.0,0.0,3.0,2.0,1.0,0.31257989383257445,0.39376946577469196,0.3006662527834415,1.3529866697712265,1
0.0,0.0,11.0,2.0,1.0,0.977549395702384,0.9754152838720027,0.7934159325833814,1.5462242757691809,3,0,0.0,0.0,11.0,2.0,1.0,0.977549395702384,0.9754152838720027,0.7934159325833814,1.5462242757691809,0
0.0,0.0,11.0,2.0,1.0,0.977549395702384,0.9754152838720027,0.7934159325833814,1.5462242757691809,0,0,0.0,0.0,11.0,2.0,1.0,0.977549395702384,0.9754152838720027,0.7934159325833814,1.5462242757691809,1
0.0,0.0,8.0,1.0,0.5,0.39544788430564004,0.6220595194913473,0.5423180486797792,1.67733292870644,2,1,0.0,0.0,8.0,1.0,0.5,0.39544788430564004,0.6220595194913473,0.5423180486797792,1.67733292870644,0
0.0,0.0,8.0,1.0,0.5,0.39544788430564004,0.6220595194913473,0.5423180486797792,1.67733292870644,2,1,0.0,0.0,8.0,1.0,0.5,0.39544788430564004,0.6220595194913473,0.5423180486797792,1.67733292870644,0
0.0,0.0,8.0,2.0,1.0,0.39544788430564004,0.6220595194913473,0.5423180486797792,1.67733292870644,3,1,0.0,0.0,8.0,2.0,1.0,0.39544788430564004,0.6220595194913473,0.5423180486797792,1.67733292870644,0
0.0,0.0,8.0,2.0,1.0,0.39544788430564004,0.6220595194913473,0.5423180486797792,1.67733292870644,3,1,0.0,0.0,8.0,2.0,1.0,0.39544788430564004,0.6220595194913473,0.5423180486797792,1.67733292870644,0
0.0,0.0,8.0,2.0,1.0,0.39544788430564004,0.6220595194913473,0.5423180486797792,1.67733292870644,3,1,0.0,0.0,8.0,2.0,1.0,0.39544788430564004,0.6220595194913473,0.5423180486797792,1.67733292870644,0
0.0,0.0,8.0,1.0,0.5,0.39544788430564004,0.6220595194913473,0.5423180486797792,1.67733292870644,2,1,0.0,0.0,8.0,1.0,0.5,0.39544788430564004,0.6220595194913473,0.5423180486797792,1.67733292870644,1
0.0,0.0,10.0,2.0,0.8939646426828476,0.6502932274334581,0.08127172111740033,0.54250723700324,1.5459664351681335,0,0,0.0,0.0,10.0,2.0,0.8939646426828476,0.6502932274334581,0.08127172111740033,0.54250723700324,1.5459664351681335,0
0.0,0.0,10.0,1.0,0.5,0.6502932274334581,0.08127172111740033,0.54250723700324,1.5459664351681335,2,0,0.0,0.0,10.0,1.0,0.5,0.6502932274334581,0.08127172111740033,0.54250723700324,1.5459664351681335,0
0.0,0.0,10.0,0.0,0.0,0.6502932274334581,0.08127172111740033,0.54250723700324,1.5459664351681335,1,0,0.0,0.0,10.0,0.0,0.0,0.6502932274334581,0.08127172111740033,0.54250723700324,1.5459664351681335,0
0.0,0.0,10.0,1.0,0.5,0.6502932274334581,0.08127172111740033,0.54250723700324,1.5459664351681335,2,0,0.0,0.0,10.0,1.0,0.5,0.6502932274334581,0.08127172111740033,0.54250723700324,1.5459664351681335,0
0.0,0.0,10.0,1.0,0.5,0.6502932274334581,0.08127172111740033,0.54250723700324,1.5459664351681335,2,0,0.0,0.0,10.0,1.0,0.5,0.6502932274334581,0.08127172111740033,0.54250723700324,1.5459664351681335,0
0.0,0.0,10.0,1.0,0.5,0.6502932274334581,0.08127172111740033,0.54250723700324,1.5459664351681335,2,0,0.0,0.0,10.0,1.0,0.5,0.6502932274334581,0.08127172111740033,0.54250723700324,1.5459664351681335,0
0.0,0.0,10.0,0.0,0.0,0.6502932274334581,0.08127172111740033,0.54250723700324,1.5459664351681335,1,0,0.0,0.0,10.0,0.0,0.0,0.6502932274334581,0.08127172111740033,0.54250723700324,1.5459664351681335,0
0.0,0.0,10.0,2.0,1.0,0.6502932274334581,0.08127172111740033,0.54250723700324,1.5459664351681335,3,0,0.0,0.0,10.0,2.0,1.0,0.6502932274334581,0.08127172111740033,0.54250723700324,1.5459664351681335,0
0.0,0.0,10.0,2.0,1.0,0.6502932274334581,0.08127172111740033,0.54250723700324,1.5459664351681335,3,0,0.0,0.0,10.0,2.0,1.0,0.6502932274334581,0.08127172111740033,0.54250723700324,1.5459664351681335,0
0.0,0.0,10.0,2.0,1.0,0.6502932274334581,0.08127172111740033,0.54250723700324,1.5459664351681335,0,0,0.0,0.0,10.0,2.0,1.0,0.6502932274334581,0.08127172111740033,0.54250723700324,1.5459664351681335,0
0.0,0.0,10.0,1.0,0.5,0.6502932274334581,0.08127172111740033,0.54250723700324,1.5459664351681335,2,0,0.0,0.0,10.0,1.0,0.5,0.6502932274334581,0.08127172111740033,0.54250723700324,1.5459664351681335,0
0.0,0.0,10.0,1.0,0.5,0.6502932274334581,0.08127172111740033,0.54250723700324,1.5459664351681335,2,0,0.0,0.0,10.0,1.0,0.5,0.6502932274334581,0.08127172111740033,0.54250723700324,1.5459664351681335,0
0.0,0.0,10.0,0.0,0.0,0.6502932274334581,0.08127172111740033,0.54250723700324,1.5459664351681335,1,0,0.0,0.0,10.0,0.0,0.0,0.6502932274334581,0.08127172111740033,0.54250723700324,1.5459664351681335,0
0.0,0.0,10.0,2.0,1.0,0.6502932274334581,0.08127172111740033,0.54250723700324,1.5459664351681335,3,0,0.0,0.0,10.0,2.0,1.0,0.6502932274334581,0.08127172111740033,0.54250723700324,1.5459664351681335,0
0.0,0.0,10.0,2.0,1.0,0.6502932274334581,0.08127172111740033,0.54250723700324,1.5459664351681335,0,0,0.0,0.0,10.0,2.0,1.0,0.6502932274334581,0.08127172111740033,0.54250723700324,1.5459664351681335,0
0.0,0.0,10.0,2.0,1.0,0.6502932274334581,0.08127172111740033,0.54250723700324,1.5459664351681335,0,0,0.0,0.0,10.0,2.0,1.0,0.6502932274334581,0.08127172111740033,0.54250723700324,1.5459664351681335,0
0.0,0.0,10.0,1.0,0.5,0.6502932274334581,0.08127172111740033,0.54250723700324,1.5459664351681335,2,0,0.0,0.0,10.0,1.0,0.5,0.6502932274334581,0.08127172111740033,0.54250723700324,1.5459664351681335,0
0.0,0.0,10.0,2.0,1.0,0.6502932274334581,0.08127172111740033,0.54250723700324,1.5459664351681335,3,0,0.0,0.0,10.0,2.0,1.0,0.6502932274334581,0.08127172111740033,0.54250723700324,1.5459664351681335,0
0.0,0.0,10.0,2.0,1.0,0.6502932274334581,0.08127172111740033,0.54250723700324,1.5459664351681335,0,0,0.0,0.0,10.0,2.0,1.0,0.6502932274334581,0.08127172111740033,0.54250723700324,1.5459664351681335,0
0.0,0.0,10.0,1.0,0.5,0.6502932274334581,0.08127172111740033,0.54250723700324,1.5459664351681335,2,0,0.0,0.0,10.0,1.0,0.5,0.6502932274334581,0.08127172111740033,0.54250723700324,1.5459664351681335,0
0.0,0.0,10.0,1.0,0.5,0.6502932274334581,0.08127172111740033,0.54250723700324,1.5459664351681335,0,0,0.0,0.0,10.0,1.0,0.5,0.6502932274334581,0.08127172111740033,0.54250723700324,1.5459664351681335,0
0.0,0.0,10.0,1.0,0.5,0.6502932274334581,0.08127172111740033,0.54250723700324,1.5459664351681335,0,0,0.0,0.0,10.0,1.0,0.5,0.6502932274334581,0.08127172111740033,0.54250723700324,1.5459664351681335,1
0.0,0.0,7.0,2.0,1.0,0.04512497655505132,0.09605428737293997,0.021847803035342173,1.3282609236013645,3,1,0.0,0.0,7.0,2.0,1.0,0.04512497655505132,0.09605428737293997,0.021847803035342173,1.3282609236013645,0
0.0,0.0,7.0,2.0,1.0,0.04512497655505132,0.09605428737293997,0.021847803035342173,1.3282609236013645,3,1,0.0,0.0,7.0,2.0,1.0,0.04512497655505132,0.09605428737293997,0.021847803035342173,1.3282609236013645,0
0.0,0.0,7.0,2.0,1.0,0.04512497655505132,0.09605428737293997,0.021847803035342173,1.3282609236013645,0,1,0.0,0.0,7.0,2.0,1.0,0.04512497655505132,0.09605428737293997,0.021847803035342173,1.3282609236013645,1
0.0,0.0,3.0,0.0,0.0,0.7589129829481689,0.7210081014341997,0.31768739295991244,1.3534054847434902,1,1,0.0,0.0,3.0,0.0,0.0,0.7589129829481689,0.7210081014341997,0.31768739295991244,1.3534054847434902,1
0.0,0.0,16.0,1.0,0.5,0.650974920678305,0.47479480720373934,0.34006440392593584,1.3130599802060274,2,0,0.0,0.0,16.0,1.0,0.5,0.650974920678305,0.47479480720373934,0.34006440392593584,1.3130599802060274,1
0.0,0.0,6.0,0.0,0.0,0.5573727383693349,0.22242877698619068,0.1731441217711811,1.7893426744931815,1,1,0.0,0.0,6.0,0.0,0.0,0.5573727383693349,0.22242877698619068,0.1731441217711811,1.7893426744931815,0
0.0,0.0,6.0,1.0,0.5,0.5573727383693349,0.22242877698619068,0.1731441217711811,1.7893426744931815,2,1,0.0,0.0,6.0,1.0,0.5,0.5573727383693349,0.22242877698619068,0.1731441217711811,1.7893426744931815,0
0.0,0.0,6.0,1.0,0.5,0.5573727383693349,0.22242877698619068,0.1731441217711811,1.7893426744931815,0,1,0.0,0.0,6.0,1.0,0.5,0.5573727383693349,0.22242877698619068,0.1731441217711811,1.7893426744931815,0
0.0,0.0,6.0,0.0,0.0,0.5573727383693349,0.22242877698619068,0.1731441217711811,1.7893426744931815,1,1,0.0,0.0,6.0,0.0,0.0,0.5573727383693349,0.22242877698619068,0.1731441217711811,1.7893426744931815,0
0.0,0.0,6.0,2.0,1.0,0.5573727383693349,0.22242877698619068,0.1731441217711811,1.7893426744931815,3,1,0.0,0.0,6.0,2.0,1.0,0.5573727383693349,0.22242877698619068,0.1731441217711811,1.7893426744931815,0
0.0,0.0,6.0,1.0,0.5,0.5573727383693349,0.22242877698619068,0.1731441217711811,1.7893426744931815,2,1,0.0,0.0,6.0,1.0,0.5,0.5573727383693349,0.22242877698619068,0.1731441217711811,1.7893426744931815,0
0.0,0.0,6.0,0.0,0.0,0.5573727383693349,0.22242877698619068,0.1731441217711811,1.7893426744931815,1,1,0.0,0.0,6.0,0.0,0.0,0.5573727383693349,0.22242877698619068,0.1731441217711811,1.7893426744931815,1
0.0,0.0,8.0,2.0,0.53505555557208,0.2897109887191236,0.5539064668417903,0.22370254358428798,1.3500406195902697,0,1,0.0,0.0,8.0,2.0,0.53505555557208,0.2897109887191236,0.5539064668417903,0.22370254358428798,1.3500406195902697,0
0.0,0.0,8.0,0.0,0.0,0.2897109887191236,0.5539064668417903,0.22370254358428798,1.3500406195902697,1,1,0.0,0.0,8.0,0.0,0.0,0.2897109887191236,0.5539064668417903,0.22370254358428798,1.3500406195902697,0
0.0,0.0,8.0,2.0,1.0,0.2897109887191236,0.5539064668417903,0.22370254358428798,1.3500406195902697,3,1,0.0,0.0,8.0,2.0,1.0,0.2897109887191236,0.5539064668417903,0.22370254358428798,1.3500406195902697,0
0.0,0.0,8.0,1.0,0.5,0.2897109887191236,0.5539064668417903,0.22370254358428798,1.3500406195902697,2,1,0.0,0.0,8.0,1.0,0.5,0.2897109887191236,0.5539064668417903,0.22370254358428798,1.3500406195902697,0
0.0,0.0,8.0,1.0,0.5,0.2897109887191236,0.5539064668417903,0.22370254358428798,1.3500406195902697,0,1,0.0,0.0,8.0,1.0,0.5,0.2897109887191236,0.5539064668417903,0.22370254358428798,1.3500406195902697,1
0.0,0.0,19.0,2.0,1.0,0.06831142811810653,0.07263968903222973,0.4363273879557845,1.7834940337493226,3,0,0.0,0.0,19.0,2.0,1.0,0.06831142811810653,0.07263968903222973,0.4363273879557845,1.7834940337493226,0
0.0,0.0,19.0,1.0,0.5,0.06831142811810653,0.07263968903222973,0.4363273879557845,1.7834940337493226,2,0,0.0,0.0,19.0,1.0,0.5,0.06831142811810653,0.07263968903222973,0.4363273879557845,1.7834940337493226,0
0.0,0.0,19.0,1.0,0.5,0.06831142811810653,0.07263968903222973,0.4363273879557845,1.7834940337493226,0,0,0.0,0.0,19.0,1.0,0.5,0.06831142811810653,0.07263968903222973,0.4363273879557845,1.7834940337493226,0
0.0,0.0,19.0,2.0,1.0,0.06831142811810653,0.07263968903222973,0.4363273879557845,1.7834940337493226,3,0,0.0,0.0,19.0,2.0,1.0,0.06831142811810653,0.07263968903222973,0.4363273879557845,1.7834940337493226,0
0.0,0.0,19.0,1.0,0.5,0.06831142811810653,0.07263968903222973,0.4363273879557845,1.7834940337493226,2,0,0.0,0.0,19.0,1.0,0.5,0.06831142811810653,0.07263968903222973,0.4363273879557845,1.7834940337493226,0
0.0,0.0,19.0,2.0,1.0,0.06831142811810653,0.07263968903222973,0.4363273879557845,1.7834940337493226,3,0,0.0,0.0,19.0,2.0,1.0,0.06831142811810653,0.07263968903222973,0.4363273879557845,1.7834940337493226,0
0.0,0.0,19.0,2.0,1.0,0.06831142811810653,0.07263968903222973,0.4363273879557845,1.7834940337493226,0,0,0.0,0.0,19.0,2.0,1.0,0.06831142811810653,0.07263968903222973,0.4363273879557845,1.7834940337493226,0
0.0,0.0,19.0,2.0,1.0,0.06831142811810653,0.07263968903222973,0.4363273879557845,1.7834940337493226,3,0,0.0,0.0,19.0,2.0,1.0,0.06831142811810653,0.07263968903222973,0.4363273879557845,1.7834940337493226,0
0.0,0.0,19.0,2.0,1.0,0.06831142811810653,0.07263968903222973,0.4363273879557845,1.7834940337493226,3,0,0.0,0.0,19.0,2.0,1.0,0.06831142811810653,0.07263968903222973,0.4363273879557845,1.7834940337493226,1
0.0,0.0,2.0,2.0,1.0,0.07497238261362116,0.9637722178789795,0.8208806809183085,1.0223463049447086,3,1,0.0,0.0,2.0,2.0,1.0,0.07497238261362116,0.9637722178789795,0.8208806809183085,1.0223463049447086,1
0.0,0.0,3.0,2.0,1.0,0.3104189300719956,0.03317071468029853,0.07532535291563502,1.8015567853447254,3,1,0.0,0.0,3.0,2.0,1.0,0.3104189300719956,0.03317071468029853,0.07532535291563502,1.8015567853447254,0
0.0,0.0,3.0,2.0,1.0,0.3104189300719956,0.03317071468029853,0.07532535291563502,1.8015567853447254,0,1,0.0,0.0,3.0,2.0,1.0,0.3104189300719956,0.03317071468029853,0.07532535291563502,1.8015567853447254,0
0.0,0.0,3.0,0.0,0.0,0.3104189300719956,0.03317071468029853,0.07532535291563502,1.8015567853447254,1,1,0.0,0.0,3.0,0.0,0.0,0.3104189300719956,0.03317071468029853,0.07532535291563502,1.8015567853447254,0
0.0,0.0,3.0,0.0,0.0,0.3104189300719956,0.03317071468029853,0.07532535291563502,1.8015567853447254,1,1,0.0,0.0,3.0,0.0,0.0,0.3104189300719956,0.03317071468029853,0.07532535291563502,1.8015567853447254,0
0.0,0.0,3.0,1.0,0.5,0.3104189300719956,0.03317071468029853,0.07532535291563502,1.8015567853447254,2,1,0.0,0.0,3.0,1.0,0.5,0.3104189300719956,0.03317071468029853,0.07532535291563502,1.8015567853447254,0
0.0,0.0,3.0,1.0,0.5,0.3104189300719956,0.03317071468029853,0.07532535291563502,1.8015567853447254,2,1,0.0,0.0,3.0,1.0,0.5,0.3104189300719956,0.03317071468029853,0.07532535291563502,1.8015567853447254,0
0.0,0.0,3.0,1.0,0.5,0.3104189300719956,0.03317071468029853,0.07532535291563502,1.8015567853447254,2,1,0.0,0.0,3.0,1.0,0.5,0.3104189300719956,0.03317071468029853,0.07532535291563502,1.8015567853447254,0
0.0,0.0,3.0,2.0,1.0,0.3104189300719956,0.03317071468029853,0.07532535291563502,1.8015567853447254,3,1,0.0,0.0,3.0,2.0,1.0,0.3104189300719956,0.03317071468029853,0.07532535291563502,1.8015567853447254,0
0.0,0.0,3.0,0.0,0.0,0.3104189300719956,0.03317071468029853,0.07532535291563502,1.8015567853447254,1,1,0.0,0.0,3.0,0.0,0.0,0.3104189300719956,0.03317071468029853,0.07532535291563502,1.8015567853447254,0
0.0,0.0,3.0,0.0,0.0,0.3104189300719956,0.03317071468029853,0.07532535291563502,1.8015567853447254,0,1,0.0,0.0,3.0,0.0,0.0,0.3104189300719956,0.03317071468029853,0.07532535291563502,1.8015567853447254,0
0.0,0.0,3.0,0.0,0.0,0.3104189300719956,0.03317071468029853,0.07532535291563502,1.8015567853447254,1,1,0.0,0.0,3.0,0.0,0.0,0.3104189300719956,0.03317071468029853,0.07532535291563502,1.8015567853447254,1
0.0,0.0,1.0,0.0,0.25108924377152164,0.5339890608409241,0.1155318267233717,0.9967156123034444,1.121584308877839,0,1,0.0,0.0,1.0,0.0,0.25108924377152164,0.5339890608409241,0.1155318267233717,0.9967156123034444,1.121584308877839,1
0.0,0.0,18.0,1.0,0.5,0.5617882875632241,0.888484119459907,0.1286156006095982,1.3872310954914084,2,0,0.0,0.0,18.0,1.0,0.5,0.5617882875632241,0.888484119459907,0.1286156006095982,1.3872310954914084,0
0.0,0.0,18.0,2.0,1.0,0.5617882875632241,0.888484119459907,0.1286156006095982,1.3872310954914084,3,0,0.0,0.0,18.0,2.0,1.0,0.5617882875632241,0.888484119459907,0.1286156006095982,1.3872310954914084,0
0.0,0.0,18.0,0.0,0.0,0.5617882875632241,0.888484119459907,0.1286156006095982,1.3872310954914084,1,0,0.0,0.0,18.0,0.0,0.0,0.5617882875632241,0.888484119459907,0.1286156006095982,1.3872310954914084,0
0.0,0.0,18.0,2.0,1.0,0.5617882875632241,0.888484119459907,0.1286156006095982,1.3872310954914084,3,0,0.0,0.0,18.0,2.0,1.0,0.5617882875632241,0.888484119459907,0.1286156006095982,1.3872310954914084,0
0.0,0.0,18.0,2.0,1.0,0.5617882875632241,0.888484119459907,0.1286156006095982,1.3872310954914084,3,0,0.0,0.0,18.0,2.0,1.0,0.5617882875632241,0.888484119459907,0.1286156006095982,1.3872310954914084,0
0.0,0.0,18.0,0.0,0.0,0.5617882875632241,0.888484119459907,0.1286156006095982,1.3872310954914084,1,0,0.0,0.0,18.0,0.0,0.0,0.5617882875632241,0.888484119459907,0.1286156006095982,1.3872310954914084,0
0.0,0.0,18.0,0.0,0.0,0.5617882875632241,0.888484119459907,0.1286156006095982,1.3872310954914084,0,0,0.0,0.0,18.0,0.0,0.0,0.5617882875632241,0.888484119459907,0.1286156006095982,1.3872310954914084,0
0.0,0.0,18.0,1.0,0.5,0.5617882875632241,0.888484119459907,0.1286156006095982,1.3872310954914084,2,0,0.0,0.0,18.0,1.0,0.5,0.5617882875632241,0.888484119459907,0.1286156006095982,1.3872310954914084,0
0.0,0.0,18.0,0.0,0.0,0.5617882875632241,0.888484119459907,0.1286156006095982,1.3872310954914084,1,0,0.0,0.0,18.0,0.0,0.0,0.5617882875632241,0.888484119459907,0.1286156006095982,1.3872310954914084,0
0.0,0.0,18.0,0.0,0.0,0.5617882875632241,0.888484119459907,0.1286156006095982,1.3872310954914084,0,0,0.0,0.0,18.0,0.0,0.0,0.5617882875632241,0.888484119459907,0.1286156006095982,1.3872310954914084,0
0.0,0.0,18.0,1.0,0.5,0.5617882875632241,0.888484119459907,0.1286156006095982,1.3872310954914084,2,0,0.0,0.0,18.0,1.0,0.5,0.5617882875632241,0.888484119459907,0.1286156006095982,1.3872310954914084,0
0.0,0.0,18.0,0.0,0.0,0.5617882875632241,0.888484119459907,0.1286156006095982,1.3872310954914084,1,0,0.0,0.0,18.0,0.0,0.0,0.5617882875632241,0.888484119459907,0.1286156006095982,1.3872310954914084,0
0.0,0.0,18.0,0.0,0.0,0.5617882875632241,0.888484119459907,0.1286156006095982,1.3872310954914084,1,0,0.0,0.0,18.0,0.0,0.0,0.5617882875632241,0.888484119459907,0.1286156006095982,1.3872310954914084,0
0.0,0.0,18.0,0.0,0.0,0.5617882875632241,0.888484119459907,0.1286156006095982,1.3872310954914084,1,0,0.0,0.0,18.0,0.0,0.0,0.5617882875632241,0.888484119459907,0.1286156006095982,1.3872310954914084,0
0.0,0.0,18.0,1.0,0.5,0.5617882875632241,0.888484119459907,0.1286156006095982,1.3872310954914084,2,0,0.0,0.0,18.0,1.0,0.5,0.5617882875632241,0.888484119459907,0.1286156006095982,1.3872310954914084,0
0.0,0.0,18.0,2.0,1.0,0.5617882875632241,0.888484119459907,0.1286156006095982,1.3872310954914084,3,0,0.0,0.0,18.0,2.0,1.0,0.5617882875632241,0.888484119459907,0.1286156006095982,1.3872310954914084,0
0.0,0.0,18.0,2.0,1.0,0.5617882875632241,0.888484119459907,0.1286156006095982,1.3872310954914084,3,0,0.0,0.0,18.0,2.0,1.0,0.5617882875632241,0.888484119459907,0.1286156006095982,1.3872310954914084,0
0.0,0.0,18.0,2.0,1.0,0.5617882875632241,0.888484119459907,0.1286156006095982,1.3872310954914084,3,0,0.0,0.0,18.0,2.0,1.0,0.5617882875632241,0.888484119459907,0.1286156006095982,1.3872310954914084,0
0.0,0.0,18.0,0.0,0.0,0.5617882875632241,0.888484119459907,0.1286156006095982,1.3872310954914084,1,0,0.0,0.0,18.0,0.0,0.0,0.5617882875632241,0.888484119459907,0.1286156006095982,1.3872310954914084,0
0.0,0.0,18.0,1.0,0.5,0.5617882875632241,0.888484119459907,0.1286156006095982,1.3872310954914084,2,0,0.0,0.0,18.0,1.0,0.5,0.5617882875632241,0.888484119459907,0.1286156006095982,1.3872310954914084,0
0.0,0.0,18.0,1.0,0.5,0.5617882875632241,0.888484119459907,0.1286156006095982,1.3872310954914084,0,0,0.0,0.0,18.0,1.0,0.5,0.5617882875632241,0.888484119459907,0.1286156006095982,1.3872310954914084,1
0.0,0.0,8.0,0.0,0.0,0.5685169222953979,0.6396419865898203,0.015508945727097267,1.3619527138361236,1,1,0.0,0.0,8.0,0.0,0.0,0.5685169222953979,0.6396419865898203,0.015508945727097267,1.3619527138361236,0
0.0,0.0,8.0,2.0,1.0,0.5685169222953979,0.6396419865898203,0.015508945727097267,1.3619527138361236,3,1,0.0,0.0,8.0,2.0,1.0,0.5685169222953979,0.6396419865898203,0.015508945727097267,1.3619527138361236,0
0.0,0.0,8.0,0.0,0.0,0.5685169222953979,0.6396419865898203,0.015508945727097267,1.3619527138361236,1,1,0.0,0.0,8.0,0.0,0.0,0.5685169222953979,0.6396419865898203,0.015508945727097267,1.3619527138361236,0
0.0,0.0,8.0,2.0,1.0,0.5685169222953979,0.6396419865898203,0.015508945727097267,1.3619527138361236,3,1,0.0,0.0,8.0,2.0,1.0,0.5685169222953979,0.6396419865898203,0.015508945727097267,1.3619527138361236,0
0.0,0.0,8.0,2.0,1.0,0.5685169222953979,0.6396419865898203,0.015508945727097267,1.3619527138361236,0,1,0.0,0.0,8.0,2.0,1.0,0.5685169222953979,0.6396419865898203,0.015508945727097267,1.3619527138361236,0
0.0,0.0,8.0,0.0,0.0,0.5685169222953979,0.6396419865898203,0.015508945727097267,1.3619527138361236,1,1,0.0,0.0,8.0,0.0,0.0,0.5685169222953979,0.6396419865898203,0.015508945727097267,1.3619527138361236,0
0.0,0.0,8.0,0.0,0.0,0.5685169222953979,0.6396419865898203,0.015508945727097267,1.3619527138361236,1,1,0.0,0.0,8.0,0.0,0.0,0.5685169222953979,0.6396419865898203,0.015508945727097267,1.3619527138361236,0
0.0,0.0,8.0,0.0,0.0,0.5685169222953979,0.6396419865898203,0.015508945727097267,1.3619527138361236,1,1,0.0,0.0,8.0,0.0,0.0,0.5685169222953979,0.6396419865898203,0.015508945727097267,1.3619527138361236,0
0.0,0.0,8.0,1.0,0.5,0.5685169222953979,0.6396419865898203,0.015508945727097267,1.3619527138361236,2,1,0.0,0.0,8.0,1.0,0.5,0.5685169222953979,0.6396419865898203,0.015508945727097267,1.3619527138361236,0
0.0,0.0,8.0,2.0,1.0,0.5685169222953979,0.6396419865898203,0.015508945727097267,1.3619527138361236,3,1,0.0,0.0,8.0,2.0,1.0,0.5685169222953979,0.6396419865898203,0.015508945727097267,1.3619527138361236,1
0.0,0.0,10.0,2.0,1.0,0.4001432616069074,0.4392679958156117,0.9507593403246264,1.1458620188843982,3,0,0.0,0.0,10.0,2.0,1.0,0.4001432616069074,0.4392679958156117,0.9507593403246264,1.1458620188843982,0
0.0,0.0,10.0,1.0,0.5,0.4001432616069074,0.4392679958156117,0.9507593403246264,1.1458620188843982,2,0,0.0,0.0,10.0,1.0,0.5,0.4001432616069074,0.4392679958156117,0.9507593403246264,1.1458620188843982,0
0.0,0.0,10.0,0.0,0.0,0.4001432616069074,0.4392679958156117,0.9507593403246264,1.1458620188843982,1,0,0.0,0.0,10.0,0.0,0.0,0.4001432616069074,0.4392679958156117,0.9507593403246264,1.1458620188843982,0
0.0,0.0,10.0,0.0,0.0,0.4001432616069074,0.4392679958156117,0.9507593403246264,1.1458620188843982,0,0,0.0,0.0,10.0,0.0,0.0,0.4001432616069074,0.4392679958156117,0.9507593403246264,1.1458620188843982,0
0.0,0.0,10.0,1.0,0.5,0.4001432616069074,0.4392679958156117,0.9507593403246264,1.1458620188843982,2,0,0.0,0.0,10.0,1.0,0.5,0.4001432616069074,0.4392679958156117,0.9507593403246264,1.1458620188843982,0
0.0,0.0,10.0,1.0,0.5,0.4001432616069074,0.4392679958156117,0.9507593403246264,1.1458620188843982,0,0,0.0,0.0,10.0,1.0,0.5,0.4001432616069074,0.4392679958156117,0.9507593403246264,1.1458620188843982,0
0.0,0.0,10.0,1.0,0.5,0.4001432616069074,0.4392679958156117,0.9507593403246264,1.1458620188843982,0,0,0.0,0.0,10.0,1.0,0.5,0.4001432616069074,0.4392679958156117,0.9507593403246264,1.1458620188843982,0
0.0,0.0,10.0,1.0,0.5,0.4001432616069074,0.4392679958156117,0.9507593403246264,1.1458620188843982,0,0,0.0,0.0,10.0,1.0,0.5,0.4001432616069074,0.4392679958156117,0.9507593403246264,1.1458620188843982,0
0.0,0.0,10.0,1.0,0.5,0.4001432616069074,0.4392679958156117,0.9507593403246264,1.1458620188843982,0,0,0.0,0.0,10.0,1.0,0.5,0.4001432616069074,0.4392679958156117,0.9507593403246264,1.1458620188843982,0
0.0,0.0,10.0,2.0,1.0,0.4001432616069074,0.4392679958156117,0.9507593403246264,1.1458620188843982,3,0,0.0,0.0,10.0,2.0,1.0,0.4001432616069074,0.4392679958156117,0.9507593403246264,1.1458620188843982,0
0.0,0.0,10.0,2.0,1.0,0.4001432616069074,0.4392679958156117,0.9507593403246264,1.1458620188843982,3,0,0.0,0.0,10.0,2.0,1.0,0.4001432616069074,0.4392679958156117,0.9507593403246264,1.1458620188843982,0
0.0,0.0,10.0,2.0,1.0,0.4001432616069074,0.4392679958156117,0.9507593403246264,1.1458620188843982,3,0,0.0,0.0,10.0,2.0,1.0,0.4001432616069074,0.4392679958156117,0.9507593403246264,1.1458620188843982,0
0.0,0.0,10.0,0.0,0.0,0.4001432616069074,0.4392679958156117,0.9507593403246264,1.1458620188843982,1,0,0.0,0.0,10.0,0.0,0.0,0.4001432616069074,0.4392679958156117,0.9507593403246264,1.1458620188843982,0
0.0,0.0,10.0,0.0,0.0,0.4001432616069074,0.4392679958156117,0.9507593403246264,1.1458620188843982,0,0,0.0,0.0,10.0,0.0,0.0,0.4001432616069074,0.4392679958156117,0.9507593403246264,1.1458620188843982,0
0.0,0.0,10.0,0.0,0.0,0.4001432616069074,0.4392679958156117,0.9507593403246264,1.1458620188843982,0,0,0.0,0.0,10.0,0.0,0.0,0.4001432616069074,0.4392679958156117,0.9507593403246264,1.1458620188843982,0
0.0,0.0,10.0,1.0,0.5,0.4001432616069074,0.4392679958156117,0.9507593403246264,1.1458620188843982,2,0,0.0,0.0,10.0,1.0,0.5,0.4001432616069074,0.4392679958156117,0.9507593403246264,1.1458620188843982,0
0.0,0.0,10.0,2.0,1.0,0.4001432616069074,0.4392679958156117,0.9507593403246264,1.1458620188843982,3,0,0.0,0.0,10.0,2.0,1.0,0.4001432616069074,0.4392679958156117,0.9507593403246264,1.1458620188843982,0
0.0,0.0,10.0,1.0,0.5,0.4001432616069074,0.4392679958156117,0.9507593403246264,1.1458620188843982,2,0,0.0,0.0,10.0,1.0,0.5,0.4001432616069074,0.4392679958156117,0.9507593403246264,1.1458620188843982,0
0.0,0.0,10.0,0.0,0.0,0.4001432616069074,0.4392679958156117,0.9507593403246264,1.1458620188843982,1,0,0.0,0.0,10.0,0.0,0.0,0.4001432616069074,0.4392679958156117,0.9507593403246264,1.1458620188843982,0
0.0,0.0,10.0,2.0,1.0,0.4001432616069074,0.4392679958156117,0.9507593403246264,1.1458620188843982,3,0,0.0,0.0,10.0,2.0,1.0,0.4001432616069074,0.4392679958156117,0.9507593403246264,1.1458620188843982,1
0.0,0.0,19.0,2.0,1.0,0.00926879038827777,0.7875726504506936,0.3059625218621841,1.3617824144610102,3,0,0.0,0.0,19.0,2.0,1.0,0.00926879038827777,0.7875726504506936,0.3059625218621841,1.3617824144610102,0
0.0,0.0,19.0,2.0,1.0,0.00926879038827777,0.7875726504506936,0.3059625218621841,1.3617824144610102,0,0,0.0,0.0,19.0,2.0,1.0,0.00926879038827777,0.7875726504506936,0.3059625218621841,1.3617824144610102,0
0.0,0.0,19.0,1.0,0.5,0.00926879038827777,0.7875726504506936,0.3059625218621841,1.3617824144610102,2,0,0.0,0.0,19.0,1.0,0.5,0.00926879038827777,0.7875726504506936,0.3059625218621841,1.3617824144610102,0
0.0,0.0,19.0,2.0,1.0,0.00926879038827777,0.7875726504506936,0.3059625218621841,1.3617824144610102,3,0,0.0,0.0,19.0,2.0,1.0,0.00926879038827777,0.7875726504506936,0.3059625218621841,1.3617824144610102,0
0.0,0.0,19.0,1.0,0.5,0.00926879038827777,0.7875726504506936,0.3059625218621841,1.3617824144610102,2,0,0.0,0.0,19.0,1.0,0.5,0.00926879038827777,0.7875726504506936,0.3059625218621841,1.3617824144610102,1
0.0,0.0,13.0,0.0,0.0,0.1310292805137807,0.47139915498149676,0.9842183988127213,1.4595360891260771,1,0,0.0,0.0,13.0,0.0,0.0,0.1310292805137807,0.47139915498149676,0.9842183988127213,1.4595360891260771,0
0.0,0.0,13.0,0.0,0.0,0.1310292805137807,0.47139915498149676,0.9842183988127213,1.4595360891260771,0,0,0.0,0.0,13.0,0.0,0.0,0.1310292805137807,0.47139915498149676,0.9842183988127213,1.4595360891260771,1
0.0,0.0,1.0,1.0,0.3567019781953371,0.87863242814216,0.4330769447740055,0.5405098384524211,1.7143778696914667,0,1,0.0,0.0,1.0,1.0,0.3567019781953371,0.87863242814216,0.4330769447740055,0.5405098384524211,1.7143778696914667,0
0.0,0.0,1.0,2.0,1.0,0.87863242814216,0.4330769447740055,0.5405098384524211,1.7143778696914667,3,1,0.0,0.0,1.0,2.0,1.0,0.87863242814216,0.4330769447740055,0.5405098384524211,1.7143778696914667,0
0.0,0.0,1.0,2.0,1.0,0.87863242814216,0.4330769447740055,0.5405098384524211,1.7143778696914667,0,1,0.0,0.0,1.0,2.0,1.0,0.87863242814216,0.4330769447740055,0.5405098384524211,1.7143778696914667,0
0.0,0.0,1.0,0.0,0.0,0.87863242814216,0.4330769447740055,0.5405098384524211,1.7143778696914667,1,1,0.0,0.0,1.0,0.0,0.0,0.87863242814216,0.4330769447740055,0.5405098384524211,1.7143778696914667,0
0.0,0.0,1.0,0.0,0.0,0.87863242814216,0.4330769447740055,0.5405098384524211,1.7143778696914667,1,1,0.0,0.0,1.0,0.0,0.0,0.87863242814216,0.4330769447740055,0.5405098384524211,1.7143778696914667,0
0.0,0.0,1.0,0.0,0.0,0.87863242814216,0.4330769447740055,0.5405098384524211,1.7143778696914667,0,1,0.0,0.0,1.0,0.0,0.0,0.87863242814216,0.4330769447740055,0.5405098384524211,1.7143778696914667,0
0.0,0.0,1.0,0.0,0.0,0.87863242814216,0.4330769447740055,0.5405098384524211,1.7143778696914667,0,1,0.0,0.0,1.0,0.0,0.0,0.87863242814216,0.4330769447740055,0.5405098384524211,1.7143778696914667,1
0.0,0.0,7.0,2.0,1.0,0.833759836297666,0.09382840627916555,0.5553546097585158,1.55059852510233,3,1,0.0,0.0,7.0,2.0,1.0,0.833759836297666,0.09382840627916555,0.5553546097585158,1.55059852510233,0
0.0,0.0,7.0,1.0,0.5,0.833759836297666,0.09382840627916555,0.5553546097585158,1.55059852510233,2,1,0.0,0.0,7.0,1.0,0.5,0.833759836297666,0.09382840627916555,0.5553546097585158,1.55059852510233,0
0.0,0.0,7.0,0.0,0.0,0.833759836297666,0.09382840627916555,0.5553546097585158,1.55059852510233,1,1,0.0,0.0,7.0,0.0,0.0,0.833759836297666,0.09382840627916555,0.5553546097585158,1.55059852510233,1
0.0,0.0,14.0,1.0,0.5,0.43550485532068417,0.32828291947705457,0.754982699591854,1.0582143904404,2,0,0.0,0.0,14.0,1.0,0.5,0.43550485532068417,0.32828291947705457,0.754982699591854,1.0582143904404,0
0.0,0.0,14.0,2.0,1.0,0.43550485532068417,0.32828291947705457,0.754982699591854,1.0582143904404,3,0,0.0,0.0,14.0,2.0,1.0,0.43550485532068417,0.32828291947705457,0.754982699591854,1.0582143904404,0
0.0,0.0,14.0,1.0,0.5,0.43550485532068417,0.32828291947705457,0.754982699591854,1.0582143904404,2,0,0.0,0.0,14.0,1.0,0.5,0.43550485532068417,0.32828291947705457,0.754982699591854,1.0582143904404,1
0.0,0.0,18.0,2.0,1.0,0.902746056558906,0.6736273789325498,0.8285062558328539,1.8763450191564506,3,0,0.0,0.0,18.0,2.0,1.0,0.902746056558906,0.6736273789325498,0.8285062558328539,1.8763450191564506,0
0.0,0.0,18.0,1.0,0.5,0.902746056558906,0.6736273789325498,0.8285062558328539,1.8763450191564506,2,0,0.0,0.0,18.0,1.0,0.5,0.902746056558906,0.6736273789325498,0.8285062558328539,1.8763450191564506,0
0.0,0.0,18.0,2.0,1.0,0.902746056558906,0.6736273789325498,0.8285062558328539,1.8763450191564506,3,0,0.0,0.0,18.0,2.0,1.0,0.902746056558906,0.6736273789325498,0.8285062558328539,1.8763450191564506,1
0.0,0.0,3.0,0.0,0.0,0.3036781301240349,0.9789629128512602,0.21856674354137773,1.225151482968596,1,1,0.0,0.0,3.0,0.0,0.0,0.3036781301240349,0.9789629128512602,0.21856674354137773,1.225151482968596,0
0.0,0.0,3.0,0.0,0.0,0.3036781301240349,0.9789629128512602,0.21856674354137773,1.225151482968596,0,1,0.0,0.0,3.0,0.0,0.0,0.3036781301240349,0.9789629128512602,0.21856674354137773,1.225151482968596,0
0.0,0.0,3.0,0.0,0.0,0.3036781301240349,0.9789629128512602,0.21856674354137773,1.225151482968596,1,1,0.0,0.0,3.0,0.0,0.0,0.3036781301240349,0.9789629128512602,0.21856674354137773,1.225151482968596,0
0.0,0.0,3.0,1.0,0.5,0.3036781301240349,0.9789629128512602,0.21856674354137773,1.225151482968596,2,1,0.0,0.0,3.0,1.0,0.5,0.3036781301240349,0.9789629128512602,0.21856674354137773,1.225151482968596,0
0.0,0.0,3.0,1.0,0.5,0.3036781301240349,0.9789629128512602,0.21856674354137773,1.225151482968596,0,1,0.0,0.0,3.0,1.0,0.5,0.3036781301240349,0.9789629128512602,0.21856674354137773,1.225151482968596,0
0.0,0.0,3.0,1.0,0.5,0.3036781301240349,0.9789629128512602,0.21856674354137773,1.225151482968596,0,1,0.0,0.0,3.0,1.0,0.5,0.3036781301240349,0.9789629128512602,0.21856674354137773,1.225151482968596,0
0.0,0.0,3.0,1.0,0.5,0.3036781301240349,0.9789629128512602,0.21856674354137773,1.225151482968596,2,1,0.0,0.0,3.0,1.0,0.5,0.3036781301240349,0.9789629128512602,0.21856674354137773,1.225151482968596,0
0.0,0.0,3.0,1.0,0.5,0.3036781301240349,0.9789629128512602,0.21856674354137773,1.225151482968596,2,1,0.0,0.0,3.0,1.0,0.5,0.3036781301240349,0.9789629128512602,0.21856674354137773,1.225151482968596,0
0.0,0.0,3.0,0.0,0.0,0.3036781301240349,0.9789629128512602,0.21856674354137773,1.225151482968596,1,1,0.0,0.0,3.0,0.0,0.0,0.3036781301240349,0.9789629128512602,0.21856674354137773,1.225151482968596,0
0.0,0.0,3.0,0.0,0.0,0.3036781301240349,0.9789629128512602,0.21856674354137773,1.225151482968596,1,1,0.0,0.0,3.0,0.0,0.0,0.3036781301240349,0.9789629128512602,0.21856674354137773,1.225151482968596,0
0.0,0.0,3.0,2.0,1.0,0.3036781301240349,0.9789629128512602,0.21856674354137773,1.225151482968596,3,1,0.0,0.0,3.0,2.0,1.0,0.3036781301240349,0.9789629128512602,0.21856674354137773,1.225151482968596,0
0.0,0.0,3.0,0.0,0.0,0.3036781301240349,0.9789629128512602,0.21856674354137773,1.225151482968596,1,1,0.0,0.0,3.0,0.0,0.0,0.3036781301240349,0.9789629128512602,0.21856674354137773,1.225151482968596,0
0.0,0.0,3.0,1.0,0.5,0.3036781301240349,0.9789629128512602,0.21856674354137773,1.225151482968596,2,1,0.0,0.0,3.0,1.0,0.5,0.3036781301240349,0.9789629128512602,0.21856674354137773,1.225151482968596,0
0.0,0.0,3.0,0.0,0.0,0.3036781301240349,0.9789629128512602,0.21856674354137773,1.225151482968596,1,1,0.0,0.0,3.0,0.0,0.0,0.3036781301240349,0.9789629128512602,0.21856674354137773,1.225151482968596,0
0.0,0.0,3.0,0.0,0.0,0.3036781301240349,0.9789629128512602,0.21856674354137773,1.225151482968596,1,1,0.0,0.0,3.0,0.0,0.0,0.3036781301240349,0.9789629128512602,0.21856674354137773,1.225151482968596,1
0.0,0.0,17.0,1.0,0.17887930888073644,0.9425744902616858,0.011152242636831566,0.13228972932274075,1.6520519235697768,0,0,0.0,0.0,17.0,1.0,0.17887930888073644,0.9425744902616858,0.011152242636831566,0.13228972932274075,1.6520519235697768,0
0.0,0.0,17.0,1.0,0.17887930888073644,0.9425744902616858,0.011152242636831566,0.13228972932274075,1.6520519235697768,0,0,0.0,0.0,17.0,1.0,0.17887930888073644,0.9425744902616858,0.011152242636831566,0.13228972932274075,1.6520519235697768,0
0.0,0.0,17.0,0.0,0.0,0.9425744902616858,0.011152242636831566,0.13228972932274075,1.6520519235697768,1,0,0.0,0.0,17.0,0.0,0.0,0.9425744902616858,0.011152242636831566,0.13228972932274075,1.6520519235697768,1
0.0,0.0,6.0,0.0,0.373941789806987,0.7599617731866258,0.5698020551604102,0.03460222338635033,1.348970749825566,0,1,0.0,0.0,6.0,0.0,0.373941789806987,0.7599617731866258,0.5698020551604102,0.03460222338635033,1.348970749825566,0
0.0,0.0,6.0,2.0,1.0,0.7599617731866258,0.5698020551604102,0.03460222338635033,1.348970749825566,3,1,0.0,0.0,6.0,2.0,1.0,0.7599617731866258,0.5698020551604102,0.03460222338635033,1.348970749825566,0
0.0,0.0,6.0,2.0,1.0,0.7599617731866258,0.5698020551604102,0.03460222338635033,1.348970749825566,0,1,0.0,0.0,6.0,2.0,1.0,0.7599617731866258,0.5698020551604102,0.03460222338635033,1.348970749825566,0
0.0,0.0,6.0,1.0,0.5,0.7599617731866258,0.5698020551604102,0.03460222338635033,1.348970749825566,2,1,0.0,0.0,6.0,1.0,0.5,0.7599617731866258,0.5698020551604102,0.03460222338635033,1.348970749825566,0
0.0,0.0,6.0,0.0,0.0,0.7599617731866258,0.5698020551604102,0.03460222338635033,1.348970749825566,1,1,0.0,0.0,6.0,0.0,0.0,0.7599617731866258,0.5698020551604102,0.03460222338635033,1.348970749825566,0
0.0,0.0,6.0,2.0,1.0,0.7599617731866258,0.5698020551604102,0.03460222338635033,1.348970749825566,3,1,0.0,0.0,6.0,2.0,1.0,0.7599617731866258,0.5698020551604102,0.03460222338635033,1.348970749825566,0
0.0,0.0,6.0,0.0,0.0,0.7599617731866258,0.5698020551604102,0.03460222338635033,1.348970749825566,1,1,0.0,0.0,6.0,0.0,0.0,0.7599617731866258,0.5698020551604102,0.03460222338635033,1.348970749825566,1
0.0,0.0,11.0,1.0,0.5,0.28608697803074623,0.6928626422155916,0.3110231165207237,1.9426568608076393,2,0,0.0,0.0,11.0,1.0,0.5,0.28608697803074623,0.6928626422155916,0.3110231165207237,1.9426568608076393,0
0.0,0.0,11.0,2.0,1.0,0.28608697803074623,0.6928626422155916,0.3110231165207237,1.9426568608076393,3,0,0.0,0.0,11.0,2.0,1.0,0.28608697803074623,0.6928626422155916,0.3110231165207237,1.9426568608076393,0
0.0,0.0,11.0,1.0,0.5,0.28608697803074623,0.6928626422155916,0.3110231165207237,1.9426568608076393,2,0,0.0,0.0,11.0,1.0,0.5,0.28608697803074623,0.6928626422155916,0.3110231165207237,1.9426568608076393,0
0.0,0.0,11.0,2.0,1.0,0.28608697803074623,0.6928626422155916,0.3110231165207237,1.9426568608076393,3,0,0.0,0.0,11.0,2.0,1.0,0.28608697803074623,0.6928626422155916,0.3110231165207237,1.9426568608076393,0
0.0,0.0,11.0,2.0,1.0,0.28608697803074623,0.6928626422155916,0.3110231165207237,1.9426568608076393,3,0,0.0,0.0,11.0,2.0,1.0,0.28608697803074623,0.6928626422155916,0.3110231165207237,1.9426568608076393,1
0.0,0.0,17.0,0.0,0.9504004960493783,0.2836283254603259,0.1405958549062407,0.510693275178638,1.9162904218379477,0,0,0.0,0.0,17.0,0.0,0.9504004960493783,0.2836283254603259,0.1405958549062407,0.510693275178638,1.9162904218379477,0
0.0,0.0,17.0,2.0,1.0,0.2836283254603259,0.1405958549062407,0.510693275178638,1.9162904218379477,3,0,0.0,0.0,17.0,2.0,1.0,0.2836283254603259,0.1405958549062407,0.510693275178638,1.9162904218379477,0
0.0,0.0,17.0,0.0,0.0,0.2836283254603259,0.1405958549062407,0.510693275178638,1.9162904218379477,1,0,0.0,0.0,17.0,0.0,0.0,0.2836283254603259,0.1405958549062407,0.510693275178638,1.9162904218379477,0
0.0,0.0,17.0,0.0,0.0,0.2836283254603259,0.1405958549062407,0.510693275178638,1.9162904218379477,0,0,0.0,0.0,17.0,0.0,0.0,0.2836283254603259,0.1405958549062407,0.510693275178638,1.9162904218379477,0
0.0,0.0,17.0,0.0,0.0,0.2836283254603259,0.1405958549062407,0.510693275178638,1.9162904218379477,1,0,0.0,0.0,17.0,0.0,0.0,0.2836283254603259,0.1405958549062407,0.510693275178638,1.9162904218379477,0
0.0,0.0,17.0,1.0,0.5,0.2836283254603259,0.1405958549062407,0.510693275178638,1.9162904218379477,2,0,0.0,0.0,17.0,1.0,0.5,0.2836283254603259,0.1405958549062407,0.510693275178638,1.9162904218379477,0
0.0,0.0,17.0,0.0,0.0,0.2836283254603259,0.1405958549062407,0.510693275178638,1.9162904218379477,1,0,0.0,0.0,17.0,0.0,0.0,0.2836283254603259,0.1405958549062407,0.510693275178638,1.9162904218379477,0
0.0,0.0,17.0,1.0,0.5,0.2836283254603259,0.1405958549062407,0.510693275178638,1.9162904218379477,2,0,0.0,0.0,17.0,1.0,0.5,0.2836283254603259,0.1405958549062407,0.510693275178638,1.9162904218379477,0
0.0,0.0,17.0,1.0,0.5,0.2836283254603259,0.1405958549062407,0.510693275178638,1.9162904218379477,0,0,0.0,0.0,17.0,1.0,0.5,0.2836283254603259,0.1405958549062407,0.510693275178638,1.9162904218379477,0
0.0,0.0,17.0,2.0,1.0,0.2836283254603259,0.1405958549062407,0.510693275178638,1.9162904218379477,3,0,0.0,0.0,17.0,2.0,1.0,0.2836283254603259,0.1405958549062407,0.510693275178638,1.9162904218379477,0
0.0,0.0,17.0,1.0,0.5,0.2836283254603259,0.1405958549062407,0.510693275178638,1.9162904218379477,2,0,0.0,0.0,17.0,1.0,0.5,0.2836283254603259,0.1405958549062407,0.510693275178638,1.9162904218379477,0
0.0,0.0,17.0,1.0,0.5,0.2836283254603259,0.1405958549062407,0.510693275178638,1.9162904218379477,2,0,0.0,0.0,17.0,1.0,0.5,0.2836283254603259,0.1405958549062407,0.510693275178638,1.9162904218379477,0
0.0,0.0,17.0,2.0,1.0,0.2836283254603259,0.1405958549062407,0.510693275178638,1.9162904218379477,3,0,0.0,0.0,17.0,2.0,1.0,0.2836283254603259,0.1405958549062407,0.510693275178638,1.9162904218379477,0
0.0,0.0,17.0,1.0,0.5,0.2836283254603259,0.1405958549062407,0.510693275178638,1.9162904218379477,2,0,0.0,0.0,17.0,1.0,0.5,0.2836283254603259,0.1405958549062407,0.510693275178638,1.9162904218379477,1
0.0,0.0,1.0,2.0,1.0,0.1285351728887234,0.23856716847538795,0.691477834604889,1.8135475362464244,3,1,0.0,0.0,1.0,2.0,1.0,0.1285351728887234,0.23856716847538795,0.691477834604889,1.8135475362464244,0
0.0,0.0,1.0,2.0,1.0,0.1285351728887234,0.23856716847538795,0.691477834604889,1.8135475362464244,3,1,0.0,0.0,1.0,2.0,1.0,0.1285351728887234,0.23856716847538795,0.691477834604889,1.8135475362464244,0
0.0,0.0,1.0,2.0,1.0,0.1285351728887234,0.23856716847538795,0.691477834604889,1.8135475362464244,0,1,0.0,0.0,1.0,2.0,1.0,0.1285351728887234,0.23856716847538795,0.691477834604889,1.8135475362464244,0
0.0,0.0,1.0,2.0,1.0,0.1285351728887234,0.23856716847538795,0.691477834604889,1.8135475362464244,3,1,0.0,0.0,1.0,2.0,1.0,0.1285351728887234,0.23856716847538795,0.691477834604889,1.8135475362464244,0
0.0,0.0,1.0,1.0,0.5,0.1285351728887234,0.23856716847538795,0.691477834604889,1.8135475362464244,2,1,0.0,0.0,1.0,1.0,0.5,0.1285351728887234,0.23856716847538795,0.691477834604889,1.8135475362464244,0
0.0,0.0,1.0,1.0,0.5,0.1285351728887234,0.23856716847538795,0.691477834604889,1.8135475362464244,2,1,0.0,0.0,1.0,1.0,0.5,0.1285351728887234,0.23856716847538795,0.691477834604889,1.8135475362464244,0
0.0,0.0,1.0,1.0,0.5,0.1285351728887234,0.23856716847538795,0.691477834604889,1.8135475362464244,0,1,0.0,0.0,1.0,1.0,0.5,0.1285351728887234,0.23856716847538795,0.691477834604889,1.8135475362464244,0
0.0,0.0,1.0,1.0,0.5,0.1285351728887234,0.23856716847538795,0.691477834604889,1.8135475362464244,2,1,0.0,0.0,1.0,1.0,0.5,0.1285351728887234,0.23856716847538795,0.691477834604889,1.8135475362464244,0
0.0,0.0,1.0,0.0,0.0,0.1285351728887234,0.23856716847538795,0.691477834604889,1.8135475362464244,1,1,0.0,0.0,1.0,0.0,0.0,0.1285351728887234,0.23856716847538795,0.691477834604889,1.8135475362464244,0
0.0,0.0,1.0,0.0,0.0,0.1285351728887234,0.23856716847538795,0.691477834604889,1.8135475362464244,0,1,0.0,0.0,1.0,0.0,0.0,0.1285351728887234,0.23856716847538795,0.691477834604889,1.8135475362464244,1
0.0,0.0,1.0,1.0,0.0685556470576737,0.6796254038912799,0.09329091508010579,0.5250892737706998,1.5434285782105703,0,1,0.0,0.0,1.0,1.0,0.0685556470576737,0.6796254038912799,0.09329091508010579,0.5250892737706998,1.5434285782105703,0
0.0,0.0,1.0,0.0,0.0,0.6796254038912799,0.09329091508010579,0.5250892737706998,1.5434285782105703,1,1,0.0,0.0,1.0,0.0,0.0,0.6796254038912799,0.09329091508010579,0.5250892737706998,1.5434285782105703,0
0.0,0.0,1.0,0.0,0.0,0.6796254038912799,0.09329091508010579,0.5250892737706998,1.5434285782105703,0,1,0.0,0.0,1.0,0.0,0.0,0.6796254038912799,0.09329091508010579,0.5250892737706998,1.5434285782105703,0
0.0,0.0,1.0,2.0,1.0,0.6796254038912799,0.09329091508010579,0.5250892737706998,1.5434285782105703,3,1,0.0,0.0,1.0,2.0,1.0,0.6796254038912799,0.09329091508010579,0.5250892737706998,1.5434285782105703,0
0.0,0.0,1.0,0.0,0.0,0.6796254038912799,0.09329091508010579,0.5250892737706998,1.5434285782105703,1,1,0.0,0.0,1.0,0.0,0.0,0.6796254038912799,0.09329091508010579,0.5250892737706998,1.5434285782105703,0
0.0,0.0,1.0,0.0,0.0,0.6796254038912799,0.09329091508010579,0.5250892737706998,1.5434285782105703,1,1,0.0,0.0,1.0,0.0,0.0,0.6796254038912799,0.09329091508010579,0.5250892737706998,1.5434285782105703,0
0.0,0.0,1.0,0.0,0.0,0.6796254038912799,0.09329091508010579,0.5250892737706998,1.5434285782105703,0,1,0.0,0.0,1.0,0.0,0.0,0.6796254038912799,0.09329091508010579,0.5250892737706998,1.5434285782105703,0
0.0,0.0,1.0,2.0,1.0,0.6796254038912799,0.09329091508010579,0.5250892737706998,1.5434285782105703,3,1,0.0,0.0,1.0,2.0,1.0,0.6796254038912799,0.09329091508010579,0.5250892737706998,1.5434285782105703,0
0.0,0.0,1.0,2.0,1.0,0.6796254038912799,0.09329091508010579,0.5250892737706998,1.5434285782105703,0,1,0.0,0.0,1.0,2.0,1.0,0.6796254038912799,0.09329091508010579,0.5250892737706998,1.5434285782105703,0
0.0,0.0,1.0,2.0,1.0,0.6796254038912799,0.09329091508010579,0.5250892737706998,1.5434285782105703,3,1,0.0,0.0,1.0,2.0,1.0,0.6796254038912799,0.09329091508010579,0.5250892737706998,1.5434285782105703,0
0.0,0.0,1.0,2.0,1.0,0.6796254038912799,0.09329091508010579,0.5250892737706998,1.5434285782105703,3,1,0.0,0.0,1.0,2.0,1.0,0.6796254038912799,0.09329091508010579,0.5250892737706998,1.5434285782105703,0
0.0,0.0,1.0,2.0,1.0,0.6796254038912799,0.09329091508010579,0.5250892737706998,1.5434285782105703,0,1,0.0,0.0,1.0,2.0,1.0,0.6796254038912799,0.09329091508010579,0.5250892737706998,1.5434285782105703,0
0.0,0.0,1.0,1.0,0.5,0.6796254038912799,0.09329091508010579,0.5250892737706998,1.5434285782105703,2,1,0.0,0.0,1.0,1.0,0.5,0.6796254038912799,0.09329091508010579,0.5250892737706998,1.5434285782105703,0
0.0,0.0,1.0,2.0,1.0,0.6796254038912799,0.09329091508010579,0.5250892737706998,1.5434285782105703,3,1,0.0,0.0,1.0,2.0,1.0,0.6796254038912799,0.09329091508010579,0.5250892737706998,1.5434285782105703,0
0.0,0.0,1.0,2.0,1.0,0.6796254038912799,0.09329091508010579,0.5250892737706998,1.5434285782105703,0,1,0.0,0.0,1.0,2.0,1.0,0.6796254038912799,0.09329091508010579,0.5250892737706998,1.5434285782105703,0
0.0,0.0,1.0,2.0,1.0,0.6796254038912799,0.09329091508010579,0.5250892737706998,1.5434285782105703,3,1,0.0,0.0,1.0,2.0,1.0,0.6796254038912799,0.09329091508010579,0.5250892737706998,1.5434285782105703,0
0.0,0.0,1.0,2.0,1.0,0.6796254038912799,0.09329091508010579,0.5250892737706998,1.5434285782105703,0,1,0.0,0.0,1.0,2.0,1.0,0.6796254038912799,0.09329091508010579,0.5250892737706998,1.5434285782105703,0
0.0,0.0,1.0,1.0,0.5,0.6796254038912799,0.09329091508010579,0.5250892737706998,1.5434285782105703,2,1,0.0,0.0,1.0,1.0,0.5,0.6796254038912799,0.09329091508010579,0.5250892737706998,1.5434285782105703,0
0.0,0.0,1.0,1.0,0.5,0.6796254038912799,0.09329091508010579,0.5250892737706998,1.5434285782105703,0,1,0.0,0.0,1.0,1.0,0.5,0.6796254038912799,0.09329091508010579,0.5250892737706998,1.5434285782105703,0
0.0,0.0,1.0,0.0,0.0,0.6796254038912799,0.09329091508010579,0.5250892737706998,1.5434285782105703,1,1,0.0,0.0,1.0,0.0,0.0,0.6796254038912799,0.09329091508010579,0.5250892737706998,1.5434285782105703,0
0.0,0.0,1.0,1.0,0.5,0.6796254038912799,0.09329091508010579,0.5250892737706998,1.5434285782105703,2,1,0.0,0.0,1.0,1.0,0.5,0.6796254038912799,0.09329091508010579,0.5250892737706998,1.5434285782105703,0
0.0,0.0,1.0,1.0,0.5,0.6796254038912799,0.09329091508010579,0.5250892737706998,1.5434285782105703,0,1,0.0,0.0,1.0,1.0,0.5,0.6796254038912799,0.09329091508010579,0.5250892737706998,1.5434285782105703,0
0.0,0.0,1.0,0.0,0.0,0.6796254038912799,0.09329091508010579,0.5250892737706998,1.5434285782105703,1,1,0.0,0.0,1.0,0.0,0.0,0.6796254038912799,0.09329091508010579,0.5250892737706998,1.5434285782105703,0
0.0,0.0,1.0,0.0,0.0,0.6796254038912799,0.09329091508010579,0.5250892737706998,1.5434285782105703,0,1,0.0,0.0,1.0,0.0,0.0,0.6796254038912799,0.09329091508010579,0.5250892737706998,1.5434285782105703,0
0.0,0.0,1.0,2.0,1.0,0.6796254038912799,0.09329091508010579,0.5250892737706998,1.5434285782105703,3,1,0.0,0.0,1.0,2.0,1.0,0.6796254038912799,0.09329091508010579,0.5250892737706998,1.5434285782105703,0
0.0,0.0,1.0,2.0,1.0,0.6796254038912799,0.09329091508010579,0.5250892737706998,1.5434285782105703,3,1,0.0,0.0,1.0,2.0,1.0,0.6796254038912799,0.09329091508010579,0.5250892737706998,1.5434285782105703,0
0.0,0.0,1.0,0.0,0.0,0.6796254038912799,0.09329091508010579,0.5250892737706998,1.5434285782105703,1,1,0.0,0.0,1.0,0.0,0.0,0.6796254038912799,0.09329091508010579,0.5250892737706998,1.5434285782105703,0
0.0,0.0,1.0,1.0,0.5,0.6796254038912799,0.09329091508010579,0.5250892737706998,1.5434285782105703,2,1,0.0,0.0,1.0,1.0,0.5,0.6796254038912799,0.09329091508010579,0.5250892737706998,1.5434285782105703,0
0.0,0.0,1.0,1.0,0.5,0.6796254038912799,0.09329091508010579,0.5250892737706998,1.5434285782105703,0,1,0.0,0.0,1.0,1.0,0.5,0.6796254038912799,0.09329091508010579,0.5250892737706998,1.5434285782105703,0
0.0,0.0,1.0,1.0,0.5,0.6796254038912799,0.09329091508010579,0.5250892737706998,1.5434285782105703,0,1,0.0,0.0,1.0,1.0,0.5,0.6796254038912799,0.09329091508010579,0.5250892737706998,1.5434285782105703,0
0.0,0.0,1.0,2.0,1.0,0.6796254038912799,0.09329091508010579,0.5250892737706998,1.5434285782105703,3,1,0.0,0.0,1.0,2.0,1.0,0.6796254038912799,0.09329091508010579,0.5250892737706998,1.5434285782105703,0
0.0,0.0,1.0,0.0,0.0,0.6796254038912799,0.09329091508010579,0.5250892737706998,1.5434285782105703,1,1,0.0,0.0,1.0,0.0,0.0,0.6796254038912799,0.09329091508010579,0.5250892737706998,1.5434285782105703,0
0.0,0.0,1.0,0.0,0.0,0.6796254038912799,0.09329091508010579,0.5250892737706998,1.5434285782105703,1,1,0.0,0.0,1.0,0.0,0.0,0.6796254038912799,0.09329091508010579,0.5250892737706998,1.5434285782105703,0
0.0,0.0,1.0,1.0,0.5,0.6796254038912799,0.09329091508010579,0.5250892737706998,1.5434285782105703,2,1,0.0,0.0,1.0,1.0,0.5,0.6796254038912799,0.09329091508010579,0.5250892737706998,1.5434285782105703,0
0.0,0.0,1.0,0.0,0.0,0.6796254038912799,0.09329091508010579,0.5250892737706998,1.5434285782105703,1,1,0.0,0.0,1.0,0.0,0.0,0.6796254038912799,0.09329091508010579,0.5250892737706998,1.5434285782105703,0
0.0,0.0,1.0,1.0,0.5,0.6796254038912799,0.09329091508010579,0.5250892737706998,1.5434285782105703,2,1,0.0,0.0,1.0,1.0,0.5,0.6796254038912799,0.09329091508010579,0.5250892737706998,1.5434285782105703,1
0.0,0.0,8.0,2.0,1.0,0.9967950982513714,0.05248877806581065,0.05009208827999234,1.0479198734875677,3,1,0.0,0.0,8.0,2.0,1.0,0.9967950982513714,0.05248877806581065,0.05009208827999234,1.0479198734875677,0
0.0,0.0,8.0,2.0,1.0,0.9967950982513714,0.05248877806581065,0.05009208827999234,1.0479198734875677,3,1,0.0,0.0,8.0,2.0,1.0,0.9967950982513714,0.05248877806581065,0.05009208827999234,1.0479198734875677,0
0.0,0.0,8.0,2.0,1.0,0.9967950982513714,0.05248877806581065,0.05009208827999234,1.0479198734875677,0,1,0.0,0.0,8.0,2.0,1.0,0.9967950982513714,0.05248877806581065,0.05009208827999234,1.0479198734875677,0
0.0,0.0,8.0,1.0,0.5,0.9967950982513714,0.05248877806581065,0.05009208827999234,1.0479198734875677,2,1,0.0,0.0,8.0,1.0,0.5,0.9967950982513714,0.05248877806581065,0.05009208827999234,1.0479198734875677,0
0.0,0.0,8.0,1.0,0.5,0.9967950982513714,0.05248877806581065,0.05009208827999234,1.0479198734875677,0,1,0.0,0.0,8.0,1.0,0.5,0.9967950982513714,0.05248877806581065,0.05009208827999234,1.0479198734875677,0
0.0,0.0,8.0,0.0,0.0,0.9967950982513714,0.05248877806581065,0.05009208827999234,1.0479198734875677,1,1,0.0,0.0,8.0,0.0,0.0,0.9967950982513714,0.05248877806581065,0.05009208827999234,1.0479198734875677,0
0.0,0.0,8.0,1.0,0.5,0.9967950982513714,0.05248877806581065,0.05009208827999234,1.0479198734875677,2,1,0.0,0.0,8.0,1.0,0.5,0.9967950982513714,0.05248877806581065,0.05009208827999234,1.0479198734875677,1
0.0,0.0,12.0,1.0,0.5,0.16477583954447717,0.4398210200009479,0.12858743954129792,1.5531727971279263,2,0,0.0,0.0,12.0,1.0,0.5,0.16477583954447717,0.4398210200009479,0.12858743954129792,1.5531727971279263,0
0.0,0.0,12.0,1.0,0.5,0.16477583954447717,0.4398210200009479,0.12858743954129792,1.5531727971279263,0,0,0.0,0.0,12.0,1.0,0.5,0.16477583954447717,0.4398210200009479,0.12858743954129792,1.5531727971279263,0
0.0,0.0,12.0,2.0,1.0,0.16477583954447717,0.4398210200009479,0.12858743954129792,1.5531727971279263,3,0,0.0,0.0,12.0,2.0,1.0,0.16477583954447717,0.4398210200009479,0.12858743954129792,1.5531727971279263,0
0.0,0.0,12.0,0.0,0.0,0.16477583954447717,0.4398210200009479,0.12858743954129792,1.5531727971279263,1,0,0.0,0.0,12.0,0.0,0.0,0.16477583954447717,0.4398210200009479,0.12858743954129792,1.5531727971279263,0
0.0,0.0,12.0,0.0,0.0,0.16477583954447717,0.4398210200009479,0.12858743954129792,1.5531727971279263,1,0,0.0,0.0,12.0,0.0,0.0,0.16477583954447717,0.4398210200009479,0.12858743954129792,1.5531727971279263,0
0.0,0.0,12.0,0.0,0.0,0.16477583954447717,0.4398210200009479,0.12858743954129792,1.5531727971279263,1,0,0.0,0.0,12.0,0.0,0.0,0.16477583954447717,0.4398210200009479,0.12858743954129792,1.5531727971279263,0
0.0,0.0,12.0,1.0,0.5,0.16477583954447717,0.4398210200009479,0.12858743954129792,1.5531727971279263,2,0,0.0,0.0,12.0,1.0,0.5,0.16477583954447717,0.4398210200009479,0.12858743954129792,1.5531727971279263,0
0.0,0.0,12.0,2.0,1.0,0.16477583954447717,0.4398210200009479,0.12858743954129792,1.5531727971279263,3,0,0.0,0.0,12.0,2.0,1.0,0.16477583954447717,0.4398210200009479,0.12858743954129792,1.5531727971279263,0
0.0,0.0,12.0,1.0,0.5,0.16477583954447717,0.4398210200009479,0.12858743954129792,1.5531727971279263,2,0,0.0,0.0,12.0,1.0,0.5,0.16477583954447717,0.4398210200009479,0.12858743954129792,1.5531727971279263,0
0.0,0.0,12.0,1.0,0.5,0.16477583954447717,0.4398210200009479,0.12858743954129792,1.5531727971279263,0,0,0.0,0.0,12.0,1.0,0.5,0.16477583954447717,0.4398210200009479,0.12858743954129792,1.5531727971279263,0
0.0,0.0,12.0,1.0,0.5,0.16477583954447717,0.4398210200009479,0.12858743954129792,1.5531727971279263,2,0,0.0,0.0,12.0,1.0,0.5,0.16477583954447717,0.4398210200009479,0.12858743954129792,1.5531727971279263,0
0.0,0.0,12.0,1.0,0.5,0.16477583954447717,0.4398210200009479,0.12858743954129792,1.5531727971279263,0,0,0.0,0.0,12.0,1.0,0.5,0.16477583954447717,0.4398210200009479,0.12858743954129792,1.5531727971279263,0
0.0,0.0,12.0,1.0,0.5,0.16477583954447717,0.4398210200009479,0.12858743954129792,1.5531727971279263,2,0,0.0,0.0,12.0,1.0,0.5,0.16477583954447717,0.4398210200009479,0.12858743954129792,1.5531727971279263,0
0.0,0.0,12.0,1.0,0.5,0.16477583954447717,0.4398210200009479,0.12858743954129792,1.5531727971279263,0,0,0.0,0.0,12.0,1.0,0.5,0.16477583954447717,0.4398210200009479,0.12858743954129792,1.5531727971279263,0
0.0,0.0,12.0,2.0,1.0,0.16477583954447717,0.4398210200009479,0.12858743954129792,1.5531727971279263,3,0,0.0,0.0,12.0,2.0,1.0,0.16477583954447717,0.4398210200009479,0.12858743954129792,1.5531727971279263,0
0.0,0.0,12.0,2.0,1.0,0.16477583954447717,0.4398210200009479,0.12858743954129792,1.5531727971279263,0,0,0.0,0.0,12.0,2.0,1.0,0.16477583954447717,0.4398210200009479,0.12858743954129792,1.5531727971279263,0
0.0,0.0,12.0,2.0,1.0,0.16477583954447717,0.4398210200009479,0.12858743954129792,1.5531727971279263,0,0,0.0,0.0,12.0,2.0,1.0,0.16477583954447717,0.4398210200009479,0.12858743954129792,1.5531727971279263,0
0.0,0.0,12.0,2.0,1.0,0.16477583954447717,0.4398210200009479,0.12858743954129792,1.5531727971279263,3,0,0.0,0.0,12.0,2.0,1.0,0.16477583954447717,0.4398210200009479,0.12858743954129792,1.5531727971279263,0
0.0,0.0,12.0,1.0,0.5,0.16477583954447717,0.4398210200009479,0.12858743954129792,1.5531727971279263,2,0,0.0,0.0,12.0,1.0,0.5,0.16477583954447717,0.4398210200009479,0.12858743954129792,1.5531727971279263,0
0.0,0.0,12.0,1.0,0.5,0.16477583954447717,0.4398210200009479,0.12858743954129792,1.5531727971279263,0,0,0.0,0.0,12.0,1.0,0.5,0.16477583954447717,0.4398210200009479,0.12858743954129792,1.5531727971279263,0
0.0,0.0,12.0,0.0,0.0,0.16477583954447717,0.4398210200009479,0.12858743954129792,1.5531727971279263,1,0,0.0,0.0,12.0,0.0,0.0,0.16477583954447717,0.4398210200009479,0.12858743954129792,1.5531727971279263,0
0.0,0.0,12.0,1.0,0.5,0.16477583954447717,0.4398210200009479,0.12858743954129792,1.5531727971279263,2,0,0.0,0.0,12.0,1.0,0.5,0.16477583954447717,0.4398210200009479,0.12858743954129792,1.5531727971279263,0
0.0,0.0,12.0,0.0,0.0,0.16477583954447717,0.4398210200009479,0.12858743954129792,1.5531727971279263,1,0,0.0,0.0,12.0,0.0,0.0,0.16477583954447717,0.4398210200009479,0.12858743954129792,1.5531727971279263,0
0.0,0.0,12.0,0.0,0.0,0.16477583954447717,0.4398210200009479,0.12858743954129792,1.5531727971279263,1,0,0.0,0.0,12.0,0.0,0.0,0.16477583954447717,0.4398210200009479,0.12858743954129792,1.5531727971279263,0
0.0,0.0,12.0,0.0,0.0,0.16477583954447717,0.4398210200009479,0.12858743954129792,1.5531727971279263,0,0,0.0,0.0,12.0,0.0,0.0,0.16477583954447717,0.4398210200009479,0.12858743954129792,1.5531727971279263,1
0.0,0.0,7.0,1.0,0.24164371051555122,0.46105646454207827,0.8187523820655321,0.9486856662549701,1.4257191552166955,0,1,0.0,0.0,7.0,1.0,0.24164371051555122,0.46105646454207827,0.8187523820655321,0.9486856662549701,1.4257191552166955,0
0.0,0.0,7.0,0.0,0.0,0.46105646454207827,0.8187523820655321,0.9486856662549701,1.4257191552166955,1,1,0.0,0.0,7.0,0.0,0.0,0.46105646454207827,0.8187523820655321,0.9486856662549701,1.4257191552166955,0
0.0,0.0,7.0,2.0,1.0,0.46105646454207827,0.8187523820655321,0.9486856662549701,1.4257191552166955,3,1,0.0,0.0,7.0,2.0,1.0,0.46105646454207827,0.8187523820655321,0.9486856662549701,1.4257191552166955,0
0.0,0.0,7.0,2.0,1.0,0.46105646454207827,0.8187523820655321,0.9486856662549701,1.4257191552166955,3,1,0.0,0.0,7.0,2.0,1.0,0.46105646454207827,0.8187523820655321,0.9486856662549701,1.4257191552166955,0
0.0,0.0,7.0,0.0,0.0,0.46105646454207827,0.8187523820655321,0.9486856662549701,1.4257191552166955,1,1,0.0,0.0,7.0,0.0,0.0,0.46105646454207827,0.8187523820655321,0.9486856662549701,1.4257191552166955,0
0.0,0.0,7.0,2.0,1.0,0.46105646454207827,0.8187523820655321,0.9486856662549701,1.4257191552166955,3,1,0.0,0.0,7.0,2.0,1.0,0.46105646454207827,0.8187523820655321,0.9486856662549701,1.4257191552166955,0
0.0,0.0,7.0,0.0,0.0,0.46105646454207827,0.8187523820655321,0.9486856662549701,1.4257191552166955,1,1,0.0,0.0,7.0,0.0,0.0,0.46105646454207827,0.8187523820655321,0.9486856662549701,1.4257191552166955,1
0.0,0.0,18.0,0.0,0.0,0.04252081940051122,0.27742646277215344,0.8980930864245542,1.121913773017161,1,0,0.0,0.0,18.0,0.0,0.0,0.04252081940051122,0.27742646277215344,0.8980930864245542,1.121913773017161,0
0.0,0.0,18.0,1.0,0.5,0.04252081940051122,0.27742646277215344,0.8980930864245542,1.121913773017161,2,0,0.0,0.0,18.0,1.0,0.5,0.04252081940051122,0.27742646277215344,0.8980930864245542,1.121913773017161,0
0.0,0.0,18.0,1.0,0.5,0.04252081940051122,0.27742646277215344,0.8980930864245542,1.121913773017161,2,0,0.0,0.0,18.0,1.0,0.5,0.04252081940051122,0.27742646277215344,0.8980930864245542,1.121913773017161,0
0.0,0.0,18.0,2.0,1.0,0.04252081940051122,0.27742646277215344,0.8980930864245542,1.121913773017161,3,0,0.0,0.0,18.0,2.0,1.0,0.04252081940051122,0.27742646277215344,0.8980930864245542,1.121913773017161,0
0.0,0.0,18.0,2.0,1.0,0.04252081940051122,0.27742646277215344,0.8980930864245542,1.121913773017161,0,0,0.0,0.0,18.0,2.0,1.0,0.04252081940051122,0.27742646277215344,0.8980930864245542,1.121913773017161,0
0.0,0.0,18.0,0.0,0.0,0.04252081940051122,0.27742646277215344,0.8980930864245542,1.121913773017161,1,0,0.0,0.0,18.0,0.0,0.0,0.04252081940051122,0.27742646277215344,0.8980930864245542,1.121913773017161,0
0.0,0.0,18.0,2.0,1.0,0.04252081940051122,0.27742646277215344,0.8980930864245542,1.121913773017161,3,0,0.0,0.0,18.0,2.0,1.0,0.04252081940051122,0.27742646277215344,0.8980930864245542,1.121913773017161,0
0.0,0.0,18.0,2.0,1.0,0.04252081940051122,0.27742646277215344,0.8980930864245542,1.121913773017161,0,0,0.0,0.0,18.0,2.0,1.0,0.04252081940051122,0.27742646277215344,0.8980930864245542,1.121913773017161,0
0.0,0.0,18.0,2.0,1.0,0.04252081940051122,0.27742646277215344,0.8980930864245542,1.121913773017161,3,0,0.0,0.0,18.0,2.0,1.0,0.04252081940051122,0.27742646277215344,0.8980930864245542,1.121913773017161,0
0.0,0.0,18.0,0.0,0.0,0.04252081940051122,0.27742646277215344,0.8980930864245542,1.121913773017161,1,0,0.0,0.0,18.0,0.0,0.0,0.04252081940051122,0.27742646277215344,0.8980930864245542,1.121913773017161,0
0.0,0.0,18.0,0.0,0.0,0.04252081940051122,0.27742646277215344,0.8980930864245542,1.121913773017161,0,0,0.0,0.0,18.0,0.0,0.0,0.04252081940051122,0.27742646277215344,0.8980930864245542,1.121913773017161,0
0.0,0.0,18.0,2.0,1.0,0.04252081940051122,0.27742646277215344,0.8980930864245542,1.121913773017161,3,0,0.0,0.0,18.0,2.0,1.0,0.04252081940051122,0.27742646277215344,0.8980930864245542,1.121913773017161,0
0.0,0.0,18.0,2.0,1.0,0.04252081940051122,0.27742646277215344,0.8980930864245542,1.121913773017161,3,0,0.0,0.0,18.0,2.0,1.0,0.04252081940051122,0.27742646277215344,0.8980930864245542,1.121913773017161,0
0.0,0.0,18.0,0.0,0.0,0.04252081940051122,0.27742646277215344,0.8980930864245542,1.121913773017161,1,0,0.0,0.0,18.0,0.0,0.0,0.04252081940051122,0.27742646277215344,0.8980930864245542,1.121913773017161,0
0.0,0.0,18.0,2.0,1.0,0.04252081940051122,0.27742646277215344,0.8980930864245542,1.121913773017161,3,0,0.0,0.0,18.0,2.0,1.0,0.04252081940051122,0.27742646277215344,0.8980930864245542,1.121913773017161,0
0.0,0.0,18.0,0.0,0.0,0.04252081940051122,0.27742646277215344,0.8980930864245542,1.121913773017161,1,0,0.0,0.0,18.0,0.0,0.0,0.04252081940051122,0.27742646277215344,0.8980930864245542,1.121913773017161,0
0.0,0.0,18.0,0.0,0.0,0.04252081940051122,0.27742646277215344,0.8980930864245542,1.121913773017161,1,0,0.0,0.0,18.0,0.0,0.0,0.04252081940051122,0.27742646277215344,0.8980930864245542,1.121913773017161,0
0.0,0.0,18.0,0.0,0.0,0.04252081940051122,0.27742646277215344,0.8980930864245542,1.121913773017161,0,0,0.0,0.0,18.0,0.0,0.0,0.04252081940051122,0.27742646277215344,0.8980930864245542,1.121913773017161,0
0.0,0.0,18.0,2.0,1.0,0.04252081940051122,0.27742646277215344,0.8980930864245542,1.121913773017161,3,0,0.0,0.0,18.0,2.0,1.0,0.04252081940051122,0.27742646277215344,0.8980930864245542,1.121913773017161,0
0.0,0.0,18.0,1.0,0.5,0.04252081940051122,0.27742646277215344,0.8980930864245542,1.121913773017161,2,0,0.0,0.0,18.0,1.0,0.5,0.04252081940051122,0.27742646277215344,0.8980930864245542,1.121913773017161,1
0.0,0.0,6.0,1.0,0.5,0.8524600324171338,0.5559436942424467,0.7210510757666818,1.2067689943323376,2,1,0.0,0.0,6.0,1.0,0.5,0.8524600324171338,0.5559436942424467,0.7210510757666818,1.2067689943323376,0
0.0,0.0,6.0,0.0,0.0,0.8524600324171338,0.5559436942424467,0.7210510757666818,1.2067689943323376,1,1,0.0,0.0,6.0,0.0,0.0,0.8524600324171338,0.5559436942424467,0.7210510757666818,1.2067689943323376,1
0.0,0.0,5.0,0.0,0.0,0.3052850625315565,0.380761966187415,0.41531233582971394,1.9399118888757056,1,1,0.0,0.0,5.0,0.0,0.0,0.3052850625315565,0.380761966187415,0.41531233582971394,1.9399118888757056,0
0.0,0.0,5.0,1.0,0.5,0.3052850625315565,0.380761966187415,0.41531233582971394,1.9399118888757056,2,1,0.0,0.0,5.0,1.0,0.5,0.3052850625315565,0.380761966187415,0.41531233582971394,1.9399118888757056,0
0.0,0.0,5.0,1.0,0.5,0.3052850625315565,0.380761966187415,0.41531233582971394,1.9399118888757056,0,1,0.0,0.0,5.0,1.0,0.5,0.3052850625315565,0.380761966187415,0.41531233582971394,1.9399118888757056,0
0.0,0.0,5.0,1.0,0.5,0.3052850625315565,0.380761966187415,0.41531233582971394,1.9399118888757056,2,1,0.0,0.0,5.0,1.0,0.5,0.3052850625315565,0.380761966187415,0.41531233582971394,1.9399118888757056,0
0.0,0.0,5.0,1.0,0.5,0.3052850625315565,0.380761966187415,0.41531233582971394,1.9399118888757056,2,1,0.0,0.0,5.0,1.0,0.5,0.3052850625315565,0.380761966187415,0.41531233582971394,1.9399118888757056,0
0.0,0.0,5.0,2.0,1.0,0.3052850625315565,0.380761966187415,0.41531233582971394,1.9399118888757056,3,1,0.0,0.0,5.0,2.0,1.0,0.3052850625315565,0.380761966187415,0.41531233582971394,1.9399118888757056,0
0.0,0.0,5.0,1.0,0.5,0.3052850625315565,0.380761966187415,0.41531233582971394,1.9399118888757056,2,1,0.0,0.0,5.0,1.0,0.5,0.3052850625315565,0.380761966187415,0.41531233582971394,1.9399118888757056,0
0.0,0.0,5.0,2.0,1.0,0.3052850625315565,0.380761966187415,0.41531233582971394,1.9399118888757056,3,1,0.0,0.0,5.0,2.0,1.0,0.3052850625315565,0.380761966187415,0.41531233582971394,1.9399118888757056,0
0.0,0.0,5.0,2.0,1.0,0.3052850625315565,0.380761966187415,0.41531233582971394,1.9399118888757056,0,1,0.0,0.0,5.0,2.0,1.0,0.3052850625315565,0.380761966187415,0.41531233582971394,1.9399118888757056,0
0.0,0.0,5.0,0.0,0.0,0.3052850625315565,0.380761966187415,0.41531233582971394,1.9399118888757056,1,1,0.0,0.0,5.0,0.0,0.0,0.3052850625315565,0.380761966187415,0.41531233582971394,1.9399118888757056,0
0.0,0.0,5.0,1.0,0.5,0.3052850625315565,0.380761966187415,0.41531233582971394,1.9399118888757056,2,1,0.0,0.0,5.0,1.0,0.5,0.3052850625315565,0.380761966187415,0.41531233582971394,1.9399118888757056,0
0.0,0.0,5.0,1.0,0.5,0.3052850625315565,0.380761966187415,0.41531233582971394,1.9399118888757056,0,1,0.0,0.0,5.0,1.0,0.5,0.3052850625315565,0.380761966187415,0.41531233582971394,1.9399118888757056,0
0.0,0.0,5.0,1.0,0.5,0.3052850625315565,0.380761966187415,0.41531233582971394,1.9399118888757056,2,1,0.0,0.0,5.0,1.0,0.5,0.3052850625315565,0.380761966187415,0.41531233582971394,1.9399118888757056,0
0.0,0.0,5.0,1.0,0.5,0.3052850625315565,0.380761966187415,0.41531233582971394,1.9399118888757056,2,1,0.0,0.0,5.0,1.0,0.5,0.3052850625315565,0.380761966187415,0.41531233582971394,1.9399118888757056,1
0.0,0.0,11.0,2.0,0.5601570603869153,0.47780285540447753,0.3399976877358546,0.5149916380914438,1.8544107951378677,0,0,0.0,0.0,11.0,2.0,0.5601570603869153,0.47780285540447753,0.3399976877358546,0.5149916380914438,1.8544107951378677,0
0.0,0.0,11.0,2.0,1.0,0.47780285540447753,0.3399976877358546,0.5149916380914438,1.8544107951378677,3,0,0.0,0.0,11.0,2.0,1.0,0.47780285540447753,0.3399976877358546,0.5149916380914438,1.8544107951378677,0
0.0,0.0,11.0,0.0,0.0,0.47780285540447753,0.3399976877358546,0.5149916380914438,1.8544107951378677,1,0,0.0,0.0,11.0,0.0,0.0,0.47780285540447753,0.3399976877358546,0.5149916380914438,1.8544107951378677,0
0.0,0.0,11.0,1.0,0.5,0.47780285540447753,0.3399976877358546,0.5149916380914438,1.8544107951378677,2,0,0.0,0.0,11.0,1.0,0.5,0.47780285540447753,0.3399976877358546,0.5149916380914438,1.8544107951378677,0
0.0,0.0,11.0,2.0,1.0,0.47780285540447753,0.3399976877358546,0.5149916380914438,1.8544107951378677,3,0,0.0,0.0,11.0,2.0,1.0,0.47780285540447753,0.3399976877358546,0.5149916380914438,1.8544107951378677,0
0.0,0.0,11.0,2.0,1.0,0.47780285540447753,0.3399976877358546,0.5149916380914438,1.8544107951378677,3,0,0.0,0.0,11.0,2.0,1.0,0.47780285540447753,0.3399976877358546,0.5149916380914438,1.8544107951378677,0
0.0,0.0,11.0,2.0,1.0,0.47780285540447753,0.3399976877358546,0.5149916380914438,1.8544107951378677,3,0,0.0,0.0,11.0,2.0,1.0,0.47780285540447753,0.3399976877358546,0.5149916380914438,1.8544107951378677,0
0.0,0.0,11.0,2.0,1.0,0.47780285540447753,0.3399976877358546,0.5149916380914438,1.8544107951378677,3,0,0.0,0.0,11.0,2.0,1.0,0.47780285540447753,0.3399976877358546,0.5149916380914438,1.8544107951378677,0
0.0,0.0,11.0,1.0,0.5,0.47780285540447753,0.3399976877358546,0.5149916380914438,1.8544107951378677,2,0,0.0,0.0,11.0,1.0,0.5,0.47780285540447753,0.3399976877358546,0.5149916380914438,1.8544107951378677,0
0.0,0.0,11.0,2.0,1.0,0.47780285540447753,0.3399976877358546,0.5149916380914438,1.8544107951378677,3,0,0.0,0.0,11.0,2.0,1.0,0.47780285540447753,0.3399976877358546,0.5149916380914438,1.8544107951378677,1
0.0,0.0,5.0,0.0,0.0,0.4970745333644371,0.34940508868939457,0.4967926022535555,1.436921623261407,1,1,0.0,0.0,5.0,0.0,0.0,0.4970745333644371,0.34940508868939457,0.4967926022535555,1.436921623261407,0
0.0,0.0,5.0,1.0,0.5,0.4970745333644371,0.34940508868939457,0.4967926022535555,1.436921623261407,2,1,0.0,0.0,5.0,1.0,0.5,0.4970745333644371,0.34940508868939457,0.4967926022535555,1.436921623261407,0
0.0,0.0,5.0,2.0,1.0,0.4970745333644371,0.34940508868939457,0.4967926022535555,1.436921623261407,3,1,0.0,0.0,5.0,2.0,1.0,0.4970745333644371,0.34940508868939457,0.4967926022535555,1.436921623261407,1
